PriID,PriRA,PriRAdeg,PriDec,PriDecdeg,PripmRA,PripmDEC,PriV,PriV-J,SecID,SecRA,SecRAdeg,SecDec,SecDecdeg,SecpmRA,SecpmDEC,SecV,SecV-J,Sep,GPRI_ra_epoch2000,GPRI_dec_epoch2000,GPRI_errHalfMaj,GPRI_errHalfMin,GPRI_errPosAng,GPRI_source_id,GPRI_ra,GPRI_ra_error,GPRI_dec,GPRI_dec_error,GPRI_parallax,GPRI_parallax_error,GPRI_pmra,GPRI_pmra_error,GPRI_pmdec,GPRI_pmdec_error,GPRI_duplicated_source,GPRI_phot_g_mean_flux,GPRI_phot_g_mean_flux_error,GPRI_phot_g_mean_mag,GPRI_phot_bp_mean_flux,GPRI_phot_bp_mean_flux_error,GPRI_phot_bp_mean_mag,GPRI_phot_rp_mean_flux,GPRI_phot_rp_mean_flux_error,GPRI_phot_rp_mean_mag,GPRI_bp_rp,GPRI_radial_velocity,GPRI_radial_velocity_error,GPRI_rv_nb_transits,GPRI_teff_val,GPRI_a_g_val,GPRI_e_bp_min_rp_val,GPRI_radius_val,GPRI_lum_val,angDist,PM_Pri_RA_error,PM_Pri_DEC_error,PM_Sec_RA_error,PM_Sec_DEC_error
PMI00025-4644,02:35.7,0.648583333,-46:44:52.0,-46.74777778,0.15,-0.049,16.69,2.47,PMI00026-4644,02:36.2,0.650875,-46:44:57.9,-46.74941667,0.15,-0.049,20.01,3.06,8.1,0.648546906,-46.7477449,0.001,0.001,0,4.9903E+18,0.649503689,0.0302,-46.74812705,0.0326,2.066,0.0508,152.268,0.057,-88.757,0.062,FALSE,7253.8,3.26856,16.036953,2730.44,9.98431,16.760807,6497.83,10.871,15.23,1.530808,,,0,4373.14,0.045,0.023,0.53,0.091,0.148607,-2.268,39.757,,
PMI00329+1805,32:55.8,8.2325,+18:05:52.9,18.09802778,0.095,-0.065,16.08,2.44,PMI00329+1805-2,32:56.8,8.236875,+18:05:56.5,18.09902778,0.095,-0.065,20.2,4.04,15.4,8.232499327,18.09805273,0.002,0.001,90,2.79481E+18,8.232975593,0.056,18.09775212,0.0342,3.0868,0.0717,105.144,0.109,-69.818,0.063,FALSE,9890.03,4.27048,15.700372,3242.94,13.7176,16.574041,9863.76,12.7306,14.776814,1.797228,,,0,3933,0.0258,0.0132,0.58,0.071,0.089848,-10.144,4.818,,
PMI00422+0731E,42:15.2,10.56345833,+07:31:18.7,7.521861111,0.169,-0.068,15.31,2.14,PMI00422+0731W,42:14.4,10.55979167,+07:31:19.9,7.522194444,0.169,-0.068,18.83,2.91,13.1,10.56346037,7.52183479,0.001,0.001,90,2.55719E+18,10.56417388,0.0392,7.521519353,0.0344,2.4825,0.0537,164.292,0.082,-73.263,0.08,FALSE,26913.2,7.04055,14.613452,12570.5,14.6057,15.103004,20759.5,22.7937,13.968876,1.134128,,,0,5008.91,0.0765,0.032,0.58,0.19,0.095032,4.708,5.263,,
PMI00592+0705N,59:17.8,14.82420833,+07:05:56.4,7.099,0.116,-0.003,14.06,1.48,PMI00592+0705S,59:17.4,14.82241667,+07:05:47.0,7.096388889,0.103,-0.017,19.26,3.51,11.4,14.8241783,7.099005785,0.001,0,90,2.5775E+18,14.82468914,0.0254,7.098953774,0.0181,1.7542,0.0307,117.737,0.053,-12.08,0.032,FALSE,61116.2,14.3229,13.722976,32437.6,28.9747,14.073766,42558.6,61.5617,13.189453,0.884313,,,0,5448.84,0.025,0.0157,1.01,0.806,0.109303,-1.737,9.08,,
NLTT3847,09:29.0,17.37070833,-05:07:25.3,-5.123694444,0.743,0.044,13.43,1.78,NLTT3849,09:29.3,17.37225,-05:07:30.6,-5.125166667,0.743,0.044,15.91,4.19,8,17.37073056,-5.123675502,0.002,0.001,90,2.48291E+18,17.37421788,0.0511,-5.123724501,0.0394,15.7086,0.0571,806.723,0.113,-11.378,0.078,FALSE,33732,15.4252,14.36826,7064.55,24.2544,15.728678,41483.2,47.9533,13.217239,2.511438,,,0,3589,0.1703,0.0975,,,0.104881,-63.723,55.378,,
PMI01227+1409,22:43.3,20.680375,+14:09:34.5,14.15958333,-0.078,-0.14,10.16,1.1,PMI01226+1409E,22:41.1,20.671375,+14:09:28.8,14.158,-0.077,-0.135,19.21,4.2,31.9,20.68038133,14.15953556,0.002,0.002,90,2.59043E+18,20.68004799,0.0774,14.15893541,0.0511,6.033,0.0861,-75.07,0.158,-139.389,0.119,FALSE,1827500,1419.91,10.033722,1000330,1673.28,10.351028,1175630,1284.37,9.586245,0.764783,-30.27,0.4,5,5863.74,0.158,0.0955,1.36,1.973,0.173407,-2.93,-0.611,,
PMI01266-4842W,26:37.3,21.65554167,-48:42:51.0,-48.71416667,0.205,-0.05,13.63,2.09,PMI01266-4842E,26:38.3,21.6595,-48:42:54.9,-48.71525,0.205,-0.05,18.83,4.4,10.2,21.65553537,-48.71416136,0.001,0,0,4.92971E+18,21.65633687,0.0165,-48.71429766,0.0177,6.1195,0.0242,122.828,0.028,-31.655,0.033,FALSE,69295.3,22.3506,13.586606,23525.6,26.3772,14.422537,67195.2,46.9037,12.693574,1.728963,14.87,2.31,16,4188,0.7403,0.3735,0.63,0.109,0.024257,82.172,-18.345,,
NLTT4817,26:55.2,21.729875,+12:00:25.9,12.00719444,-0.014,-0.359,11.12,0.89,NLTT4814,26:54.1,21.72554167,+12:00:06.8,12.00188889,-0.011,-0.364,16.61,2.88,24.4,21.7298813,12.00717596,0.001,0.001,90,2.58641E+18,21.7298277,0.036,12.00563078,0.0269,5.5218,0.0372,-12.177,0.078,-358.886,0.059,FALSE,622482,409.975,11.203049,350423,499.903,11.489907,396373,164.562,10.766659,0.723249,-171.85,0.74,7,6018,0.0323,0.013,0.82,0.797,0.070155,-1.823,-0.114,,
PMI01352+0538N,35:14.7,23.81129167,+05:38:24.7,5.640194444,0.285,-0.035,10.8,1.54,PMI01352+0538S,35:14.2,23.80933333,+05:38:12.0,5.636666667,0.267,-0.026,15.86,2.89,14.4,23.81129075,5.640133055,0.02,0.019,90,2.56197E+18,23.81252299,0.5836,5.640013053,0.5162,8.7968,0.6219,284.811,1.311,-27.872,1.231,FALSE,1109340,337.517,10.575703,541398,698.24,11.017597,808327,1654.78,9.992952,1.024645,15.54,2.3,2,5083.7,0.244,0.12,1.01,0.615,0.221025,0.189,-7.128,,
PMI01430-4959W,43:00.7,25.75283333,-49:59:26.8,-49.99077778,0.021,-0.181,14.09,1.22,PMI01430-4959E,43:01.3,25.75529167,-49:59:22.1,-49.98947222,0.021,-0.181,18.15,2.89,7.4,25.75278415,-49.99078946,0,0,90,4.91754E+18,25.75299541,0.0156,-49.9915265,0.0139,2.8393,0.0207,31.545,0.032,-171.184,0.027,FALSE,38604.1,8.22135,14.221782,18727.3,26.1679,14.6702,28607.7,23.7949,13.620714,1.049486,,,0,5160,0.026,0.012,0.56,0.202,0.121347,-10.545,-9.816,,
PMI02012+0218,01:15.1,30.312875,+02:18:25.8,2.307166667,0.209,-0.024,17.44,2.25,PMI02012+0217,01:17.1,30.32133333,+02:17:29.7,2.291583333,0.209,-0.024,18.87,3.28,63.8,30.31285674,2.307150621,0.003,0.002,90,2.51149E+18,30.31356473,0.0963,2.306900973,0.0671,2.0993,0.1082,164.303,0.163,-57.983,0.129,FALSE,2871.23,3.26796,17.043196,1068.52,13.9709,17.779432,2651.91,11.0606,16.203024,1.576408,,,0,4423,0.0835,0.07,,,0.087476,44.697,33.983,,
PMI02225+1531S,22:34.1,35.64191667,+15:31:09.9,15.51941667,0.188,-0.141,12.67,1.66,PMI02225+1531N,22:33.0,35.6375,+15:31:47.8,15.52994444,0.188,-0.141,18.33,3.46,40.8,35.64192213,15.51940177,0.002,0.001,90,7.63059E+16,35.64277077,0.0438,15.51880446,0.0341,4.806,0.0421,189.917,0.099,-138.733,0.083,FALSE,207675,41.8264,12.394905,101170,174.799,12.838761,153334,107.441,11.797826,1.040936,-55.02,1.52,7,5063.64,0.008,0.0048,0.81,0.387,0.056868,-1.917,-2.267,,
PMI02267-4214,26:48.0,36.69983333,-42:14:58.9,-42.24969444,-0.022,-0.16,13.85,1.54,PMI02267-4215,26:46.8,36.69520833,-42:15:06.8,-42.25188889,-0.022,-0.16,19.25,3.9,14.7,36.69985284,-42.24970863,0,0,0,4.94999E+18,36.69985886,0.0128,-42.25032573,0.0137,3.8931,0.018,1.035,0.025,-143.325,0.026,FALSE,52697,12.0888,13.883901,22493.5,26.4619,14.471246,43308.4,34.3324,13.17049,1.300756,,,0,5009.09,0.122,0.061,0.52,0.151,0.072866,-23.035,-16.675,,
NLTT8753,42:05.1,40.521375,-24:45:16.3,-24.75452778,-0.058,-0.419,16.4,2.42,NLTT8759,42:15.0,40.56241667,-24:44:18.0,-24.73833333,-0.056,-0.418,17.47,3.02,146.3,40.52136379,-24.75453911,0.002,0.001,90,5.077E+18,40.52103366,0.039,-24.75635415,0.0445,5.4771,0.0529,-69.631,0.098,-421.556,0.095,FALSE,6591.2,4.95019,16.140955,2075.21,9.3347,17.058735,6703.75,13.5818,15.196125,1.86261,,,0,3900,0.173,0.093,,,0.054835,11.631,2.556,,
PMI02548+2057W,54:49.4,43.70595833,+20:57:34.8,20.95966667,0.04,-0.115,16.54,2.39,PMI02548+2057E,54:50.0,43.7085,+20:57:32.1,20.95891667,0.036,-0.122,19.86,3.29,8.9,43.70599024,20.95960426,0.002,0.002,90,1.09216E+17,43.70622872,0.0652,20.95906349,0.0478,2.0481,0.0776,51.723,0.114,-125.599,0.104,FALSE,7058.06,5.46043,16.066652,2739.95,14.6389,16.75703,6349.04,17.6432,15.25515,1.501881,,,0,4476,0.046,0.0267,,,0.248962,-11.723,10.599,,
PMI02569-5831N,56:55.7,44.232125,-58:31:24.3,-58.52341667,0.152,-0.098,14.07,2.54,PMI02569-5831S,56:56.8,44.23670833,-58:31:36.6,-58.52683333,0.152,-0.098,20.76,4.77,15,44.23214719,-58.5233956,0,0,0,4.72693E+18,44.23346688,0.0116,-58.52373497,0.012,6.2803,0.0128,160.044,0.023,-78.82,0.023,FALSE,87712.7,27.2256,13.33071,33982.1,40.9602,14.023263,77283.3,51.6573,12.541706,1.481557,18.84,2.29,18,4604.61,0.29,0.133,0.52,0.108,0.086559,-8.044,-19.18,,
PMI03150+0102,15:04.8,48.76983333,+01:02:15.2,1.037555556,0.363,0.117,10.26,1.36,PMI03150+0103,15:00.9,48.75383333,+01:03:08.3,1.052305556,0.353,0.128,14.89,3.27,78.3,48.7698249,1.037553522,0.001,0.001,0,3.26698E+18,48.77138472,0.0393,1.038054551,0.0395,12.9124,0.0458,362.214,0.083,116.366,0.087,FALSE,1821670,510.037,10.037192,937935,1776.69,10.420956,1246190,3614.79,9.522956,0.898,88.72,0.28,7,5372.1,0.0387,0.0145,0.77,0.448,0.031215,0.786,0.634,,
PMI03256-3333E,25:41.8,51.424125,-33:33:34.6,-33.55961111,0.137,-0.182,14.93,2.42,PMI03256-3333Wn,25:40.9,51.42054167,-33:33:25.3,-33.55702778,0.137,-0.182,16.72,3.07,14.2,51.42411155,-33.55961727,0.006,0.005,0,5.05369E+18,51.42472808,0.1306,-33.56032889,0.1661,3.5506,0.2111,119.326,0.295,-165.279,0.394,FALSE,34070.8,11.0017,14.35741,13063.3,19.8548,15.061258,30861.1,32.4128,13.538391,1.522867,,,0,4434.18,0.1767,0.122,0.64,0.141,0.046044,17.674,-16.721,,
NLTT12296,59:04.3,59.76779167,-06:56:03.2,-6.934222222,0.024,-0.253,15.05,2.42,NLTT12294,59:02.5,59.760375,-06:56:33.8,-6.942722222,0.023,-0.258,18.28,3.01,40.5,59.7677978,-6.934235048,0.001,0.001,90,3.19683E+18,59.76791559,0.0216,-6.935307764,0.0173,3.6836,0.0293,27.157,0.043,-249.147,0.035,FALSE,36116.7,11.6989,14.294096,15565.6,25.3002,14.870973,29635,40.8864,13.582409,1.288564,,,0,5014.47,0.0673,0.0615,,,0.051106,-3.157,-3.853,,
PMI04072+1526N,07:16.4,61.81816667,+15:26:42.8,15.44522222,0.109,-0.122,10.3,1.33,PMI04072+1526S,07:15.5,61.814375,+15:26:20.2,15.43894444,0.103,-0.12,17.85,3.59,26.2,61.81816818,15.44521624,0.001,0.001,90,4.51632E+16,61.81865062,0.0435,15.44469081,0.0273,10.0153,0.0472,108.004,0.094,-122.034,0.072,TRUE,1735260,598.712,10.089952,900343,744.211,10.465368,1184570,1196.65,9.578014,0.887354,76.22,0.44,4,5456,0.135,0.0625,0.94,0.702,0.022184,0.996,0.034,,
PMI04099+0942E,09:54.3,62.47625,+09:42:58.8,9.716333333,0.078,-0.273,14.21,1.94,PMI04099+0942W,09:54.1,62.47529167,+09:42:56.4,9.715666667,0.078,-0.273,17.11,3.94,4.2,62.47624344,9.716360146,0.001,0.001,90,3.3004E+18,62.4765896,0.0256,9.715145438,0.0211,4.026,0.0296,79.247,0.061,-282.126,0.056,FALSE,50184.9,12.686,13.936934,21704.1,28.6446,14.510033,41550.5,69.9799,13.21548,1.294553,,,0,4820.66,0.1635,0.075,0.54,0.141,0.099298,-1.247,9.126,,
PMI04254-4601,25:28.7,66.36975,-46:01:23.9,-46.02330556,0.1,-0.124,14.51,1.67,PMI04255-4601,25:30.8,66.3785,-46:01:22.7,-46.02297222,0.1,-0.124,20.24,3.83,21.9,66.36975708,-46.02329119,0.006,0.006,0,4.78947E+18,66.37028981,0.1787,-46.02377182,0.1901,1.7408,0.1876,85.914,0.382,-111.629,0.398,FALSE,36861.2,21.4413,14.271941,17599.8,23.159,14.73762,28372.2,28.3785,13.629689,1.107931,,,0,5056.16,,,0.94,0.524,0.054655,14.086,-12.371,,
PMI04325-5657N,32:32.4,68.13516667,-56:57:04.3,-56.95119444,0.124,-0.133,12.22,1.34,PMI04325-5657S,32:31.8,68.13245833,-56:57:14.6,-56.95405556,0.124,-0.133,16.81,3.16,11.6,68.13512087,-56.95118118,0.001,0.001,90,4.77522E+18,68.13608033,0.0176,-56.95162318,0.0182,5.1142,0.019,121.528,0.046,-102.658,0.04,FALSE,281100,51.6413,12.066216,145748,212.545,12.442379,195054,163.221,11.536535,0.905844,189.63,0.97,11,5471,0.029,0.0145,0.73,0.435,0.101811,2.472,-30.342,,
PMI04327+0820,32:45.6,68.18995833,+08:20:05.5,8.334861111,0.053,-0.085,14.09,1.73,PMI04327+0820-2,32:46.1,68.19208333,+08:20:14.6,8.337388889,0.053,-0.085,19.89,3.09,11.9,68.18998619,8.33487552,0.003,0.001,90,3.28724E+18,68.19024293,0.0746,8.334498684,0.04,2.2971,0.0941,59,0.165,-87.523,0.089,FALSE,61997.9,8.15439,13.707423,31084.7,24.3602,14.120021,45395.2,26.5823,13.119394,1.000627,,,0,5181.32,0.0205,0.0097,0.87,0.495,0.111964,-6,2.523,,
PMI04332+0013,33:17.8,68.32433333,+00:13:59.8,0.233277778,-0.06,-0.152,11.43,1.22,PMI04333+0014,33:18.7,68.32779167,+00:14:14.0,0.237222222,-0.064,-0.14,16.85,3.51,18.9,68.32433981,0.233227921,0.002,0.001,90,3.2306E+18,68.32408158,0.0569,0.232586373,0.034,6.2094,0.0663,-59.976,0.124,-149.005,0.077,FALSE,584040,540.692,11.27226,306819,362.386,11.634183,391883,384.241,10.77903,0.855153,-19.91,0.61,14,5639,0.0113,0.0065,0.81,0.604,0.180991,-0.024,-2.995,,
PMI04477-3044W,47:42.6,71.92770833,-30:44:03.2,-30.73422222,0.157,-0.142,11.59,1.31,PMI04477-3044E,47:44.2,71.93425,-30:44:02.5,-30.73402778,0.143,-0.143,18.8,3.75,20.3,71.92772014,-30.73423109,0.001,0.001,0,4.87802E+18,71.92853515,0.0175,-30.73486411,0.0207,6.9143,0.0249,162.705,0.037,-147.021,0.052,FALSE,495981,198.784,11.449702,260582,210.24,11.811528,339820,266.531,10.933796,0.877732,87.39,2.56,9,5692,0.066,0.0152,0.66,0.412,0.048506,-5.705,5.021,,
NLTT14407,02:20.2,75.584125,-19:32:04.4,-19.53455556,0.527,-0.419,11.82,2.2,NLTT14408,02:20.9,75.58729167,-19:32:01.9,-19.53386111,0.527,-0.419,14.58,2.9,11,75.5841436,-19.53449261,0.008,0.007,0,2.97594E+18,75.58656135,0.23,-19.53641295,0.2478,14.2863,0.3185,529.211,0.477,-446.003,0.524,FALSE,581675,355.833,11.276665,236751,223.778,11.915658,485669,220.46,10.546069,1.369589,85.87,1.27,18,4649.29,0.0393,0.0605,0.57,0.137,0.235226,-2.211,27.003,,
PMI05137+0647W,13:46.0,78.44179167,+06:47:01.0,6.783611111,0.134,-0.109,11.83,0.94,PMI05137+0647E,13:47.2,78.44654167,+06:47:08.6,6.785722222,0.134,-0.109,19.17,4.01,18.6,78.44181505,6.783586995,0.002,0.001,90,3.24087E+18,78.4424372,0.0613,6.783084479,0.0463,4.1178,0.051,143.487,0.117,-116.713,0.077,FALSE,282399,62.2765,12.061206,146464,225.852,12.437063,196855,132.36,11.526554,0.910509,83.65,0.97,6,5459,0.118,0.061,0.92,0.675,0.120523,-9.487,7.713,,
PMI05195+0903E,19:34.8,79.894875,+09:03:46.3,9.062861111,0.079,-0.234,14.56,2.15,PMI05195+0903W,19:34.1,79.89204167,+09:03:36.8,9.060222222,0.079,-0.234,17.98,3.1,13.9,79.89490769,9.062868174,0.001,0.001,90,3.33838E+18,79.89526524,0.0259,9.061883754,0.0206,3.3443,0.0279,82.007,0.05,-228.639,0.038,FALSE,48934.1,13.1988,13.964335,22570.4,58.6434,14.467542,38348,30.1824,13.302563,1.164979,,,0,4883.53,0.0398,0.0233,0.62,0.196,0.118961,-3.007,-5.361,,
PMI05484-3617Nn,48:28.6,87.11933333,-36:17:06.7,-36.28519444,0.09,-0.156,14.77,1.78,PMI05484-3617S,48:29.7,87.12354167,-36:17:19.5,-36.28875,0.09,-0.156,18.47,2.98,17.6,87.11937741,-36.28518434,0.001,0,0,2.88734E+18,87.1198574,0.0132,-36.28582088,0.0174,2.8027,0.0169,89.862,0.028,-147.841,0.035,FALSE,32529.3,7.71644,14.40768,15351.5,19.6493,14.88601,24913.2,29.6059,13.770845,1.115165,,,0,4908,0.1217,0.044,0.59,0.184,0.132983,0.138,-8.159,,
PMI06032+1921N,03:14.9,90.81195833,+19:21:38.6,19.36072222,0.667,-0.623,9.32,1.32,PMI06032+1921S,03:14.5,90.81045833,+19:21:34.0,19.35944444,0.659,-0.609,13.51,2.92,6.9,90.81193121,19.36074785,0.003,0.003,90,3.37463E+18,90.81498175,0.102,19.35807102,0.0989,14.4036,0.1174,668.447,0.194,-621.721,0.164,FALSE,4184080,1553.77,9.134365,2211110,4702.73,9.489862,2812730,4451.78,8.6391,0.850762,,,0,5582.37,0.017,0.0118,0.96,0.808,0.130376,-1.447,-1.279,,
PMI06050+0723S,05:03.5,91.26466667,+07:23:30.5,7.391805556,-0.199,-0.098,14.94,2.17,PMI06050+0723N,05:03.4,91.264125,+07:23:39.1,7.394194444,-0.199,-0.098,16.83,2.99,8.8,91.26468459,7.391813312,0.001,0.001,90,3.32241E+18,91.26387221,0.0369,7.391388914,0.0312,6.1093,0.0392,-187.113,0.078,-98.57,0.069,FALSE,22434.4,14.0121,14.811079,7375.34,26.7036,15.681933,22124.4,43.4229,13.899743,1.78219,,,0,4058.67,0.1,0.055,,,0.069807,-11.887,0.57,,
PMI06394-3030E,39:24.5,99.85216667,-30:30:50.9,-30.51413889,0.04,0.183,14.73,2.16,PMI06394-3030W,39:24.0,99.850125,-30:30:55.3,-30.51536111,0.04,0.183,16.17,2.48,7,99.85220992,-30.51412253,0.004,0.003,0,2.89423E+18,99.85245846,0.0998,-30.51347969,0.1246,7.4423,0.146,49.731,0.219,149.305,0.231,TRUE,24165.2,53.8758,14.730392,8292.75,17.9995,15.554642,25496.6,34.6839,13.745713,1.808929,,,0,4169.88,0.067,0.044,,,0.146496,-9.731,33.695,,
PMI06436+0851,43:36.6,100.9022917,+08:51:44.4,8.862333333,0.069,-0.055,13.79,2.09,PMI06436+0851-2,43:35.9,100.8995,+08:51:40.8,8.861333333,0.084,-0.065,18.67,3.54,10.5,100.9023207,8.86233805,0.002,0.002,90,3.13444E+18,100.9026186,0.0781,8.862048412,0.0815,4.1629,0.1026,68.365,0.148,-67.271,0.126,FALSE,66460.1,18.234,13.631963,24606.6,65.4789,14.373761,60692.8,79.8987,12.804076,1.569685,,,0,4322,,,0.82,0.21,0.104747,0.635,12.271,,
PMI08152-6337,15:17.6,123.8233333,-63:37:18.4,-63.62177778,-0.152,0.24,12.22,2.26,PMI08153-6337,15:18.0,123.825125,-63:37:04.5,-63.61791667,-0.152,0.24,16.74,3.5,14.2,123.8233891,-63.62177945,0.001,0.001,0,5.27726E+18,123.8222182,0.025,-63.62069758,0.0286,11.9872,0.0271,-120.83,0.048,251.274,0.051,FALSE,407961,148.386,11.661819,160986,161.606,12.334418,350529,203.097,10.900109,1.434309,27.11,0.68,17,4528.83,0.0195,0.0117,0.61,0.142,0.089442,-31.17,-11.274,,
PMI08239-7549W,23:54.9,125.9789167,-75:49:34.3,-75.82619444,-0.045,0.202,11.06,1.53,PMI08239-7549E,23:58.5,125.9939167,-75:49:32.4,-75.82566667,-0.03,0.216,16.53,3.3,13.3,125.9790003,-75.82622614,0.001,0.001,90,5.21063E+18,125.9781796,0.0243,-75.8253761,0.0268,9.9039,0.031,-46.675,0.05,197.427,0.046,FALSE,909986,280.33,10.790779,438257,552.473,11.247067,662988,877.995,10.208156,1.038911,13.12,0.22,9,5150.57,0.033,0.0135,0.79,0.393,0.135858,1.675,4.573,,
PMI08386-3856,38:36.7,129.653,-38:56:55.7,-38.94880556,0.101,-0.126,12.65,1.92,PMI08386-3857,38:37.7,129.6572083,-38:57:14.4,-38.954,0.101,-0.126,17.42,3.57,22,129.6529665,-38.94883196,0.001,0.001,90,5.52909E+18,129.6533266,0.0222,-38.94927521,0.0263,6.7101,0.0334,65.042,0.046,-102.946,0.045,FALSE,253633,37.5867,12.177852,116228,144.144,12.688108,195348,206.722,11.534897,1.153211,20.25,0.92,7,4914.22,0.0992,0.056,0.69,0.251,0.13359,35.958,-23.054,,
PMI09502+0509E,50:13.9,147.557875,+05:09:02.4,5.150666667,0.21,-0.22,11.8,1.61,PMI09502+0509W,50:12.9,147.5537083,+05:09:08.2,5.152277778,0.217,-0.216,18.66,4.09,16,147.5579683,5.150616709,0.001,0.001,0,3.8499E+18,147.5589044,0.0522,5.149670864,0.0528,8.7009,0.0589,216.539,0.087,-219.681,0.092,FALSE,477460,175.642,11.491023,230386,296.064,11.94525,352298,440.075,10.894646,1.050604,-26.23,1,7,5007.67,0.011,0.0075,0.7,0.275,0.379667,-6.539,-0.319,,
PMI10105+1203W,10:34.8,152.6449167,+12:03:17.6,12.05488889,-0.185,-0.078,12.53,1.55,PMI10105+1203E,10:35.2,152.6465417,+12:03:22.9,12.05636111,-0.185,-0.078,18.23,3.86,7.8,152.6449685,12.05487756,0.001,0.001,0,3.88075E+18,152.6441008,0.0543,12.05447575,0.0512,4.7891,0.0578,-197.097,0.091,-93.325,0.091,FALSE,218510,35.6263,12.339686,106173,177.879,12.786348,161831,126.274,11.739265,1.047083,51.35,3.46,3,5255.5,0.119,0.059,0.76,0.397,0.186996,12.097,15.325,,
PMI10520+1521N,52:02.2,163.009,+15:21:18.6,15.35516667,0.134,-0.15,16.23,2.37,PMI10520+1521S,52:01.6,163.006875,+15:21:09.5,15.35263889,0.134,-0.15,18.46,3.34,11.7,163.0089595,15.35519023,0.002,0.001,90,3.98131E+18,163.0095221,0.0581,15.35452673,0.0397,2.6513,0.0509,126.015,0.143,-154.103,0.089,FALSE,10608.9,7.43605,15.624192,4179.57,18.7252,16.298557,9392.11,37.2946,14.830012,1.468545,,,0,4430.25,0.177,0.076,,,0.164276,7.985,4.103,,
PMI11110-4414,11:04.1,167.7670417,-44:14:15.9,-44.23775,-0.134,-0.32,12.97,1.56,PMI11109-4416,10:57.8,167.7409583,-44:16:31.1,-44.27530556,-0.152,-0.306,16.24,2.83,151,167.7670695,-44.23775355,0.001,0.001,90,5.38861E+18,167.7661936,0.0211,-44.2390884,0.0202,5.449,0.029,-145.749,0.044,-310.027,0.042,FALSE,164163,34.5738,12.650178,82481.7,85.4137,13.060494,118315,78.655,12.07932,0.981174,20.41,1.37,21,5332,0.0493,0.027,0.56,0.228,0.07295,11.749,-9.973,,
PMI11125-3512,12:30.1,168.1252917,-35:12:35.0,-35.20972222,-0.115,-0.113,15.31,2.2,PMI11124-3512,12:28.9,168.1205,-35:12:36.0,-35.21,-0.115,-0.113,18.52,3.3,14.1,168.1253047,-35.20965216,0.001,0.001,90,5.40065E+18,168.1249579,0.0258,-35.20978693,0.0249,1.9539,0.0452,-65.809,0.045,-31.301,0.038,TRUE,22913.2,5.60262,14.788152,9692.13,16.4384,15.38534,19135.3,12.1997,14.057334,1.328006,,,0,4863.41,0.62,0.3043,0.73,0.27,0.255101,-49.191,-81.699,,
NLTT27188,22:26.4,170.6101667,-27:13:35.2,-27.22644444,-0.32,0.063,13.32,1.93,NLTT27182,22:23.6,170.5983333,-27:13:45.0,-27.22916667,-0.302,0.066,14.94,2.42,39.1,170.6102575,-27.2265879,0.001,0.001,90,3.53161E+18,170.60873,0.0263,-27.22635347,0.0205,3.5881,0.0387,-315.471,0.053,54.451,0.046,FALSE,205303,54.9028,12.407377,113320,187.214,12.715622,135455,123.124,11.932436,0.783186,108.46,6.08,11,6071.84,0.017,0.008,0.71,0.621,0.592666,-4.529,8.549,,
PMI11263+2047Ee,26:21.6,171.5897917,+20:47:22.7,20.78963889,0.118,-0.193,13.34,2.18,PMI11263+2047Ew,26:20.4,171.584875,+20:47:15.0,20.7875,0.118,-0.193,17.37,3.61,18.2,171.5898315,20.7896337,0.001,0.001,90,3.97879E+18,171.5903116,0.0319,20.78876395,0.0211,8.1765,0.0309,104.23,0.059,-202.006,0.039,FALSE,119073,72.6176,12.998832,45287.9,57.1052,13.711433,106566,161.68,12.192872,1.518561,,,0,4436.79,0.059,0.066,0.52,0.093,0.135507,13.77,9.006,,
PMI11330+1318N,33:02.9,173.2619167,+13:18:33.2,13.30922222,-0.237,-0.01,9.41,1.13,PMI11330+1318S,33:03.9,173.2664583,+13:18:17.1,13.30475,-0.227,0.008,15.98,3.19,22.7,173.2618904,13.30922158,0.001,0.001,90,3.91795E+18,173.2608259,0.0446,13.30917432,0.0348,10.8254,0.0529,-240.611,0.085,-10.977,0.071,FALSE,3574210,911.413,9.305416,1901120,2230.75,9.653866,2347010,4324.91,8.835634,0.818232,35.45,0.82,2,5737.33,0.208,0.0985,1.11,1.208,0.091959,3.611,0.977,,
PMI11392-4118N,39:12.2,174.8009583,-41:18:15.1,-41.30419444,-0.206,0.22,12.78,2.43,PMI11392-4118S,39:12.3,174.80125,-41:18:26.2,-41.30727778,-0.206,0.22,14.81,3.03,11.1,174.8009577,-41.30423448,0.001,0,90,5.38409E+18,174.7998424,0.023,-41.30363064,0.0138,13.7716,0.0281,-194.588,0.042,140.248,0.032,TRUE,183052,34.3747,12.531931,55935.1,77.7966,13.482177,187467,138.072,11.579607,1.90257,-10.14,2.13,7,4054.36,0.224,0.114,0.5,0.062,0.144141,-11.412,79.752,,
PMI11584-4155E,58:28.0,179.616625,-41:55:19.3,-41.92202778,-0.769,-0.266,9,1.67,PMI11584-4155W,58:26.5,179.61025,-41:55:03.4,-41.91761111,-0.766,-0.274,15.06,3.28,23.3,179.6167166,-41.92200912,0.001,0.001,90,5.38031E+18,179.6122603,0.0329,-41.92315733,0.0233,30.5346,0.0412,-770.102,0.057,-266.661,0.041,FALSE,6470650,1396.42,8.660996,3111540,2803.06,9.11895,4716750,6700.02,8.077813,1.041137,160.16,0.19,7,5170.3,0.1097,0.0587,0.67,0.293,0.254314,1.102,0.661,,
PMI12170+0742E,17:05.8,184.274,+07:42:30.3,7.708416667,0.034,-0.158,15.25,1.7,PMI12170+0742W,17:05.0,184.27075,+07:42:31.1,7.708638889,0.034,-0.158,18.4,2.98,11.6,184.2739612,7.708391113,0.001,0.001,90,3.9017E+18,184.2741054,0.0376,7.707699699,0.0252,1.9883,0.0453,33.19,0.089,-160.587,0.056,FALSE,21243.8,11.3044,14.870283,10500.1,19.5153,15.298401,15743,35.8134,14.269201,1.0292,,,0,5217.08,0.082,0.0407,0.58,0.225,0.166177,0.81,2.587,,
PMI12237+0625,23:43.5,185.9311667,+06:25:10.3,6.419527778,-0.173,-0.021,14.06,2.2,PMI12237+0624,23:44.0,185.9335,+06:24:48.4,6.413444444,-0.173,-0.021,18.52,3.89,23.4,185.9311331,6.419529317,0.001,0,90,3.90058E+18,185.9303829,0.025,6.419398167,0.0154,5.0135,0.0299,-173.151,0.056,-30.461,0.032,FALSE,76436.5,24.5581,13.480114,32511.8,34.7115,14.071286,63402,44.3343,12.756663,1.314623,,,0,4815.48,0.1503,0.081,0.54,0.139,0.120083,0.151,9.461,,
PMI12277+1334,27:43.8,186.9324167,+13:34:16.2,13.57116667,0.082,-0.248,16.12,2.34,PMI12277+1336,27:46.6,186.94425,+13:36:37.0,13.61027778,0.077,-0.269,18.29,2.8,146.7,186.9323938,13.57118918,0.002,0.001,90,3.93279E+18,186.9327176,0.0411,13.5700422,0.0286,2.591,0.0485,73.108,0.109,-266.396,0.062,FALSE,11495.9,6.46598,15.537009,4588.89,16.4654,16.197119,10106.5,11.8984,14.750415,1.446704,,,0,4463.02,0.0533,0.038,,,0.113969,8.892,18.396,,
PMI12283+1222S,28:18.3,187.0761667,+12:22:36.4,12.37677778,-0.184,-0.127,12.67,1.27,PMI12283+1222N,28:18.8,187.078125,+12:22:50.7,12.38075,-0.16,-0.112,19.23,3.21,15.8,187.0762334,12.37679934,0.001,0.001,90,3.90788E+18,187.0754168,0.0392,12.37628698,0.0281,3.0471,0.0477,-185.271,0.093,-119,0.055,FALSE,209568,56.1635,12.385055,119919,185.691,12.654172,133931,111.287,11.944717,0.709455,59.65,1.57,11,6117,0.0425,0.0158,0.83,0.878,0.247303,1.271,-8,,
PMI12440+0625E,44:02.6,191.0107083,+06:25:46.9,6.429694444,0.065,-0.135,13.16,1.27,PMI12440+0625We,44:00.6,191.0024167,+06:25:48.3,6.430083333,0.065,-0.135,19.68,3.55,29.7,191.0108148,6.429664943,0.002,0.001,90,3.70921E+18,191.0110509,0.032,6.429046933,0.0214,2.0611,0.0403,54.492,0.098,-143.538,0.038,TRUE,139575,23.8812,12.826345,80882.1,97.8248,13.081757,87898.2,47.5644,12.40197,0.679787,,,0,6405.88,0.0408,0.0218,0.92,1.272,0.395471,10.508,8.538,,
PMI12508+0757,50:48.8,192.7033333,+07:57:56.7,7.96575,0.047,-0.163,10.84,1.27,PMI12507+0758,50:47.1,192.6961667,+07:58:08.0,7.968888889,0.027,-0.151,18.14,3.89,28,192.7033454,7.965745841,0.002,0.001,90,3.70981E+18,192.7035492,0.0505,7.965038758,0.0379,6.1009,0.0727,46.884,0.125,-164.225,0.073,TRUE,1116640,303.364,10.568581,608693,437.528,10.890392,733018,453.83,10.099133,0.79126,32.54,0.4,14,6187.21,0.056,0.029,0.94,1.165,0.045581,0.116,1.225,,
PMI13116+1106,11:41.8,197.9242083,+11:06:24.8,11.10688889,-0.102,-0.122,12.89,1.06,PMI13116+1105,11:32.3,197.8845833,+11:05:40.7,11.09463889,-0.106,-0.114,17.83,2.8,146.8,197.9242458,11.10691344,0.001,0.001,90,3.73599E+18,197.9236934,0.0245,11.10625247,0.0201,2.7329,0.0313,-125.914,0.065,-153.516,0.043,TRUE,138949,24.3679,12.831224,77882.5,58.9275,13.122788,90751.8,50.7449,12.367283,0.755506,,,0,6048.37,0.0397,0.018,0.78,0.725,0.159255,23.914,31.516,,
NLTT33282,13:09.1,198.2878333,-07:42:15.2,-7.704222222,-0.163,-0.196,15.04,2.15,NLTT33283,13:09.6,198.29,-07:42:07.8,-7.702166667,-0.159,-0.19,15.6,2.4,10,198.287849,-7.70422513,0.001,0.001,90,3.62832E+18,198.2871459,0.0414,-7.705090885,0.0257,4.1984,0.0461,-161.83,0.078,-201.078,0.048,FALSE,20986.9,9.64712,14.883497,7459.93,13.5125,15.669552,19876.3,23.6588,14.016084,1.653468,,,0,4123,0.112,0.1013,0.53,0.073,0.056745,-1.17,5.078,,
PMI13133-4153N,13:20.5,198.3354167,-41:53:14.0,-41.88722222,-0.145,-0.044,13.65,2.07,PMI13133-4153S,13:21.1,198.338125,-41:53:29.2,-41.89144444,-0.145,-0.044,18.22,3.52,16.8,198.3354296,-41.88725124,0.001,0.001,90,6.13751E+18,198.3346646,0.0228,-41.88740523,0.0163,6.115,0.0224,-132.287,0.041,-35.766,0.034,FALSE,99437.6,33.0517,13.19449,42807,57.7718,13.7726,81638.4,133.27,12.482183,1.290417,-93.33,3.73,3,4968.94,0.0673,0.059,,,0.110076,-12.713,-8.234,,
PMI13167+0810E,16:47.3,199.197,+08:10:27.4,8.174277778,0.189,-0.146,11.16,1.66,PMI13167+0810W,16:45.1,199.188,+08:10:21.5,8.172638889,0.186,-0.13,18.47,4.08,32.7,199.1970158,8.174280445,0.002,0.001,90,3.73153E+18,199.1978499,0.0718,8.173665772,0.0327,12.0152,0.0691,191.752,0.154,-142.763,0.062,TRUE,855378,1049.61,10.85797,397693,550.063,11.352519,639389,628.144,10.247507,1.105012,78.17,0.38,4,5001.05,0.082,0.0415,0.68,0.258,0.0571,-2.752,-3.237,,
PMI13372-4244E,37:14.3,204.309375,-42:44:54.8,-42.74855556,0.129,-0.104,17.35,2.51,PMI13372-4244W,37:13.5,204.3064167,-42:44:54.4,-42.74844444,0.129,-0.104,19.43,3.31,7.8,204.3093618,-42.74856137,0.009,0.005,0,6.1118E+18,204.3097253,0.0909,-42.74897582,0.1278,2.1596,0.1133,61.997,0.305,-96.261,0.608,FALSE,3934.75,3.57169,16.701073,1449.85,9.54816,17.448078,3656.52,16.5827,15.85425,1.593828,,,0,4263.03,0.224,0.12,,,0.040719,67.003,-7.739,,
PMI14055+0244S,05:31.0,211.3790417,+02:44:23.4,2.739833333,-0.055,-0.131,15.45,2.04,PMI14055+0244N,05:31.7,211.381875,+02:44:35.1,2.743083333,-0.055,-0.131,20.6,4.1,15.5,211.3790589,2.739869814,0.002,0.001,90,3.66747E+18,211.3788086,0.0559,2.739260929,0.0336,2.4531,0.0501,-58.058,0.115,-141.418,0.065,FALSE,16224.2,8.8251,15.162954,6684.32,13.1695,15.788745,13790.4,36.9303,14.412976,1.375769,,,0,4809.45,0.0283,0.026,0.51,0.123,0.145221,3.058,10.418,,
PMI14124+0517S,12:28.8,213.1197917,+05:17:28.5,5.29125,-0.053,-0.172,13.29,1.39,PMI14124+0517N,12:28.0,213.1168333,+05:17:40.1,5.294472222,-0.053,-0.172,19.57,3.78,15.7,213.1197751,5.291256156,0.001,0.001,0,3.67127E+18,213.119488,0.0381,5.29047624,0.0316,3.3853,0.057,-66.403,0.065,-181.142,0.07,FALSE,106391,53.7088,13.121107,54193.7,92.5753,13.516516,75388.5,82.6503,12.568657,0.947859,,,0,5325.25,0.033,0.015,0.73,0.383,0.063219,13.403,9.142,,
PMI14136-3634E,13:41.6,213.423375,-36:34:39.2,-36.57755556,-0.03,-0.166,15.27,2.12,PMI14136-3634W,13:40.9,213.4205833,-36:34:43.6,-36.57877778,-0.03,-0.166,17.91,2.68,9.1,213.4233957,-36.5775533,0.001,0.001,90,6.11808E+18,213.4231465,0.0353,-36.57839649,0.0268,3.4064,0.0347,-46.478,0.095,-195.839,0.062,FALSE,21907.8,8.9381,14.836871,9073.52,33.1467,15.456948,18584.8,20.0882,14.089024,1.367925,,,0,4705.45,0.144,0.104,,,0.060251,16.478,29.839,,
PMI14475+1134,47:35.8,221.8991667,+11:34:13.7,11.57047222,-0.049,-0.172,13.05,1.67,PMI14476+1134,47:36.2,221.9006667,+11:34:36.3,11.57675,-0.049,-0.172,20.37,3.25,23.1,221.8991779,11.57049511,0.001,0.001,0,1.1754E+18,221.8989923,0.0331,11.56972359,0.0366,4.2306,0.0425,-42.224,0.077,-179.19,0.092,FALSE,166867,40.906,12.632439,84368.6,100.329,13.035936,119163,96.8169,12.071565,0.964372,95.24,4.98,9,5360,0.033,0.015,0.72,0.383,0.091369,-6.776,7.19,,
PMI15413+1349N,41:19.4,235.3306667,+13:49:28.5,13.82458333,-0.19,-0.529,14.73,2.63,PMI15413+1349S,41:19.4,235.3306667,+13:49:23.6,13.82322222,-0.19,-0.529,16.76,3.19,4,235.3307319,13.82464215,0.001,0.001,0,1.19406E+18,235.3298731,0.0255,13.82233399,0.0213,9.785,0.0316,-193.695,0.052,-536.09,0.054,FALSE,33245.1,11.8886,14.384045,9522.45,28.9511,15.404516,35456.1,66.2606,13.387692,2.016824,,,0,4070.37,0.091,0.054,,,0.311294,3.695,7.09,,
PMI16008+0146E,00:53.9,240.224375,+01:46:16.5,1.77125,-0.155,-0.132,13.25,1.98,PMI16008+0146W,00:53.5,240.2228333,+01:46:19.4,1.772055556,-0.155,-0.132,17.91,3.53,6.2,240.2243581,1.771238432,0.001,0.001,90,4.41249E+18,240.2236668,0.0263,1.770665427,0.0201,6.4606,0.0349,-160.467,0.057,-133.084,0.051,FALSE,126959,48.1828,12.929204,55078.3,46.5223,13.498938,103674,100.138,12.222742,1.276196,46.79,1.63,13,4962.09,0.1093,0.052,,,0.073773,5.467,1.084,,
PMI16519-4806N,51:58.2,252.9924583,-48:06:13.7,-48.10380556,-0.15,-0.109,15.02,1.93,PMI16519-4806S,51:57.9,252.9912917,-48:06:19.2,-48.10533333,-0.15,-0.109,17.31,3.09,6.2,252.9925039,-48.10382615,0.001,0.001,90,5.93935E+18,252.9914881,0.0341,-48.1041989,0.0307,3.2968,0.0363,-157.547,0.065,-86.572,0.052,FALSE,19138.4,7.17653,14.983604,7508.43,15.185,15.662515,16978.8,15.8161,14.187154,1.475361,,,0,4599.61,0.069,0.052,,,0.132217,7.547,-22.428,,
PMI17135+1909,13:30.4,258.3765,+19:09:57.2,19.16588889,-0.116,-0.153,10.94,1.35,PMI17134+1910,13:29.7,258.3739167,+19:10:10.0,19.16944444,-0.124,-0.133,15.8,3.08,15.5,258.3764717,19.16590064,0.001,0,0,4.56061E+18,258.3759628,0.0137,19.16523292,0.0178,9.2088,0.0248,-111.636,0.027,-155.082,0.035,FALSE,853590,187.623,10.860243,419051,305.669,11.29572,616174,347.471,10.287663,1.008058,2.13,0.33,26,5094.53,0.1503,0.0767,0.84,0.431,0.105105,-4.364,2.082,,
PMI19207+0506S,20:46.7,290.19475,+05:06:26.5,5.107361111,-0.06,-0.149,11.45,1.34,PMI19207+0506N,20:46.1,290.192,+05:06:38.5,5.110694444,-0.058,-0.14,17.42,2.96,15.4,290.1947428,5.10734019,0.002,0.001,90,4.2929E+18,290.1944835,0.0449,5.106687871,0.0394,4.9616,0.0514,-59.994,0.11,-151.506,0.091,FALSE,639551,557.828,11.173678,345491,625.949,11.505296,423466,416.472,10.694874,0.810422,29.34,1.13,3,5789,0.1167,0.061,1.01,1.025,0.079577,-0.006,2.506,,
PMI19420+2014S,42:00.9,295.5035833,+20:14:05.0,20.23472222,-0.096,-0.125,15.83,2.12,PMI19420+2014N,42:00.9,295.5036667,+20:14:10.3,20.23619444,-0.096,-0.125,16.11,2.98,5.3,295.5035395,20.23479387,0.001,0.001,0,1.82571E+18,295.5029883,0.027,20.23447623,0.0338,3.5244,0.0481,-120.129,0.056,-73.775,0.068,FALSE,8139.06,3.79329,15.91193,2487.38,9.94064,16.862036,8500.19,15.9301,14.938348,1.923688,,,0,3900,0.0233,0.0135,,,0.297331,24.129,-51.225,,
PMI20072-3519E,07:13.5,301.8062917,-35:19:50.0,-35.33055556,-0.028,-0.187,15.73,1.78,PMI20072-3519W,07:13.2,301.805,-35:19:52.8,-35.33133333,-0.028,-0.187,16.22,3.02,4.6,301.8063114,-35.33054858,0.002,0.002,90,6.69781E+18,301.8061833,0.0749,-35.33127182,0.0591,6.9742,0.101,-24.268,0.148,-167.979,0.106,FALSE,3400.61,3.1277,16.859474,599.501,11.3181,18.406914,4495.87,11.1737,15.629885,2.777029,,,0,4038.51,0.103,0.0597,,,0.063048,-3.732,-19.021,,
PMI20343+1151,34:22.7,308.5946667,+11:51:59.5,11.86652778,-0.144,-0.203,12.49,1.87,PMI20343+1152,34:22.6,308.594,+11:52:03.3,11.86758333,-0.144,-0.203,15.53,3,4.4,308.5946582,11.86653737,0.001,0.001,90,1.75545E+18,308.5940256,0.0257,11.86564305,0.028,6.4827,0.0354,-143.798,0.051,-207.713,0.049,FALSE,289586,48.794,12.033921,134533,141.862,12.529313,221567,120.589,11.398157,1.131156,14.27,1.06,6,4992.82,0.1685,0.0897,0.73,0.301,0.045559,-0.202,4.713,,
NLTT49474,34:31.5,308.6311667,-22:19:24.3,-22.32341667,0.143,-0.108,11.12,1.24,NLTT49477,34:33.5,308.6395417,-22:17:59.7,-22.29991667,0.155,-0.119,18.19,3.4,89.1,308.6311805,-22.32344907,0.001,0.001,90,6.85577E+18,308.6318608,0.0335,-22.3239261,0.0208,5.7147,0.0399,146.179,0.068,-110.794,0.044,FALSE,836818,315.937,10.881788,455507,392.685,11.205151,549699,262.922,10.411608,0.793543,-56.83,0.52,8,6005,0.0743,0.045,0.92,1.001,0.125387,-3.179,2.794,,
PMI20487+1406,48:42.1,312.1753333,+14:06:59.1,14.11641667,0.11,-0.051,14.89,1.72,PMI20487+1407,48:42.8,312.17825,+14:07:01.3,14.11702778,0.11,-0.051,19.37,3.34,10.3,312.1753185,14.1164292,0.001,0.001,90,1.76144E+18,312.1757192,0.029,14.11622134,0.0319,3.7965,0.0361,90.241,0.059,-48.277,0.046,FALSE,19328.6,3.83803,14.972867,7501.79,18.7732,15.663476,17302.9,11.2996,14.166621,1.496855,,,0,4464,0.2745,0.142,,,0.068633,19.759,-2.723,,
PMI21175-4142E,17:32.3,319.3845417,-41:42:17.3,-41.70480556,0.013,-0.157,13.89,1.74,PMI21175-4142W,17:31.4,319.3809167,-41:42:21.2,-41.70588889,0.013,-0.157,17.64,2.84,10.5,319.3845252,-41.70478119,0.001,0.001,90,6.58056E+18,319.3845519,0.0178,-41.70533812,0.0173,2.0481,0.0269,4.63,0.035,-129.353,0.034,FALSE,80775,18.0465,13.420173,40791.1,42.4963,13.824975,57782.1,42.3003,12.857437,0.967538,,,0,5366,0.3142,0.1497,1.03,0.79,0.09824,8.37,-27.647,,
PMI21536+0010S,53:40.0,328.4164583,+00:10:20.8,0.172444444,-0.061,-0.158,14.35,2.12,PMI21536+0010N,53:40.0,328.4165833,+00:10:37.2,0.177,-0.061,-0.158,19.87,3.66,16.4,328.4164696,0.172454238,0.003,0.003,90,2.68102E+18,328.4162311,0.1762,0.171732118,0.096,3.3071,0.2021,-55.386,0.189,-167.718,0.175,FALSE,59461,20.2966,13.752785,27341.1,42.4049,14.259348,46863.9,67.1328,13.084825,1.174523,,,0,4912.5,0.0977,0.0572,0.68,0.242,0.053683,-5.614,9.718,,
PMI22296+0620,29:41.1,337.421125,+06:20:02.8,6.334111111,0.116,-0.021,13.87,2.45,PMI22297+0620W,29:42.8,337.428125,+06:20:09.0,6.335833333,0.092,-0.026,18.8,3.5,25.9,337.4211377,6.334113305,0.001,0.001,0,2.70936E+18,337.4216318,0.0247,6.333945681,0.0249,4.5833,0.0269,114.057,0.041,-38.932,0.042,FALSE,94216.3,32.5443,13.25305,36574.8,68.3037,13.943434,83596.5,65.3928,12.45645,1.486984,,,0,4476.63,0.783,0.369,0.8,0.23,0.045978,1.943,17.932,,
PMI22487-5613W,48:44.3,342.1847083,-56:13:37.0,-56.22694444,0.145,-0.067,12.59,1.6,PMI22487-5613E,48:45.5,342.18975,-56:13:44.0,-56.22888889,0.145,-0.067,16.67,3.41,12.3,342.1846948,-56.22693974,0.001,0.001,0,6.50577E+18,342.185388,0.0171,-56.22714136,0.0206,5.7008,0.0303,89.509,0.041,-46.826,0.042,FALSE,206019,30.2835,12.403599,94967.2,91.7938,12.907454,158104,113.816,11.764561,1.142893,-26.27,0.82,15,4968,0.008,0.003,0.71,0.278,0.031985,55.491,-20.174,,
PMI23033-5311,03:23.5,345.8477917,-53:11:23.1,-53.18975,0.148,-0.107,14.01,1.76,PMI23034-5311,03:25.8,345.8574583,-53:11:43.2,-53.19533333,0.153,-0.098,18.94,3.63,29,345.8477942,-53.1897521,0,0,0,6.50037E+18,345.848923,0.0096,-53.19015676,0.0125,2.1909,0.02,157.085,0.024,-93.984,0.024,FALSE,96982.3,17.7429,13.221635,54360.6,54.6727,13.513177,63229.3,43.1786,12.759625,0.753552,,,0,6426.5,0.026,0.013,0.71,0.782,0.009298,-9.085,-13.016,,
NLTT57827,44:27.9,356.1162083,-30:55:16.9,-30.92136111,0.19,-0.196,16.96,2.09,NLTT57823,44:24.9,356.10375,-30:55:26.2,-30.92394444,0.19,-0.201,18.17,2.77,39.5,356.1164288,-30.9214019,0.002,0.002,0,2.32727E+18,356.1173929,0.067,-30.92226891,0.0749,2.2434,0.0971,192.1,0.113,-201.368,0.132,FALSE,3947.12,4.21466,16.697666,1536.5,14.1746,17.38506,3510.69,14.7288,15.898439,1.48662,,,0,4476,0.1743,0.096,,,0.696427,-2.1,5.368,,
