PriID,PriRA,PriRAdeg,PriDec,PriDecdeg,PripmRA,PripmDEC,PriV,PriV-J,SecID,SecRA,SecRAdeg,SecDec,SecDecdeg,SecpmRA,SecpmDEC,SecV,SecV-J,Sep,ra_epoch2000,dec_epoch2000,errHalfMaj,errHalfMin,errPosAng,source_id,ra,ra_error,dec,dec_error,parallax,parallax_error,parallax_over_error,pm,pmra,pmra_error,pmdec,pmdec_error,astrometric_n_good_obs_al,astrometric_gof_al,astrometric_chi2_al,astrometric_excess_noise,astrometric_excess_noise_sig,astrometric_params_solved,pseudocolour,pseudocolour_error,visibility_periods_used,ruwe,duplicated_source,phot_g_mean_flux,phot_g_mean_flux_error,phot_g_mean_mag,phot_bp_mean_flux,phot_bp_mean_flux_error,phot_bp_mean_mag,phot_rp_mean_flux,phot_rp_mean_mag,phot_bp_rp_excess_factor,bp_rp,dr2_radial_velocity,dr2_radial_velocity_error,dr2_rv_nb_transits,dr2_rv_template_teff,dr2_rv_template_logg,panstarrs1,sdssdr13,skymapper2,urat1,phot_g_mean_mag_error,phot_bp_mean_mag_error,phot_rp_mean_mag_error,phot_g_mean_mag_corrected,phot_g_mean_mag_error_corrected,phot_g_mean_flux_corrected,phot_bp_rp_excess_factor_corrected,ra_epoch2000_error,dec_epoch2000_error,ra_dec_epoch2000_corr,angDist
PMI00025-4644,00:02:35.66,0.6485833333333334,-46:44:52.0,-46.74777777777778,0.15,-0.049,16.69,2.47,PMI00026-4644,00:02:36.21,0.650875,-46:44:57.9,-46.74941666666667,0.15,-0.049,20.01,3.06,8.1,0.65083746962,-46.74951394906,0.0052621,0.0032515,171.94,4990299961234443264,0.65182638346,0.1512,-46.74990970723,0.2236,2.134,0.3183,6.7053,176.557,152.458,0.203,-89.045,0.326,675,0.0078,706.44,0.0,0.0,95,1.3527,0.0572,25,1.0,false,304.689,0.696913,19.477724,69.7745,6.03409,20.7293,355.357,18.371233,1.395,2.358067,,,0,,,,,503919235,,0.003709,0.093936,0.017942,19.462574,0.003686,308.971,0.009,3.3029,5.23,-0.1376,0.362246
PMI00329+1805,00:32:55.80,8.232499999999998,+18:05:52.9,18.098027777777776,0.095,-0.065,16.08,2.44,PMI00329+1805-2,00:32:56.85,8.236875,+18:05:56.5,18.099027777777778,0.095,-0.065,20.2,4.04,15.4,8.23671584523,18.09901065691,0.0064922,0.0040066,66.95,2794809402182408960,8.23720762396,0.3102,18.09869785215,0.1884,3.3981,0.3981,8.5351,126.552,105.175,0.382,-70.381,0.277,383,1.0577,465.1,0.763,1.219,95,1.1679,0.0638,17,1.038,false,312.819,0.808418,19.449133,68.2195,7.46351,20.75377,408.769,18.219202,1.525,2.534569,,,0,,,129710082370489074,1237679457076052243,,,0.003933,0.118817,0.020127,19.430877,0.003899,318.124,0.113,6.1765,4.478,0.3399,0.548084
PMI00422+0731E,00:42:15.23,10.563458333333333,+07:31:18.7,7.521861111111112,0.169,-0.068,15.31,2.14,PMI00422+0731W,00:42:14.35,10.559791666666667,+07:31:19.9,7.5221944444444455,0.169,-0.068,18.83,2.91,13.1,10.5597275577,7.52219521975,0.0035184,0.0021939,78.41,2557191577776849280,10.56046463197,0.1507,7.52186890681,0.0843,2.3484,0.1709,13.7404,180.063,164.415,0.218,-73.421,0.141,367,0.4977,418.94,0.261,0.5987,95,1.2695,0.0348,17,1.018,false,833.404,1.10362,18.385227,217.522,7.3843,19.494781,917.705,17.341137,1.362,2.153645,,,0,,,117020105601316904,1237669767084834902,,488002399,0.003108,0.036963,0.012067,18.373722,0.003101,842.283,0.006,3.4747,2.2624,0.1894,0.228823
PMI00592+0705N,00:59:17.81,14.824208333333331,+07:05:56.4,7.099000000000001,0.116,-0.003,14.06,1.48,PMI00592+0705S,00:59:17.38,14.822416666666667,+07:05:47.0,7.096388888888889,0.103,-0.017,19.26,3.51,11.4,14.82239665694,7.09638455424,0.0035756,0.0018049,59.46,2577500034283666944,14.8229205059,0.1417,7.09632615117,0.1056,1.6018,0.1714,9.3472,117.699,116.963,0.2,-13.141,0.15,384,1.1019,428.44,0.173,0.2381,31,,,17,1.039,false,816.235,1.31638,18.40783,187.776,6.31362,19.654442,960.284,17.291895,1.407,2.362547,,,0,,,116510148227616106,1237669766549864478,,486003379,0.003265,0.036612,0.013022,18.40783,0.003265,816.235,0.02,3.2132,2.3912,0.5427,0.073167
NLTT3847,01:09:28.97,17.370708333333333,-05:07:25.3,-5.123694444444444,0.743,0.044,13.43,1.78,NLTT3849,01:09:29.34,17.372249999999998,-05:07:30.6,-5.125166666666667,0.743,0.044,15.91,4.19,8.0,17.3723412092,-5.1251535631,5.741E-4,3.954E-4,44.0,2482910290191753856,17.37594418022,0.0231,-5.1252022214,0.0178,15.7611,0.0271,580.7196,807.502,807.427,0.031,-10.946,0.031,250,4.2408,338.66,0.082,2.168,31,,,15,1.196,false,30185.4,14.8419,14.487874,5999.43,18.3731,15.893268,37139.2,13.323313,1.429,2.569955,,,0,,,101850173751310182,1237679322853670920,,,0.002807,0.004341,0.003931,14.487874,0.002807,30185.4,0.012,0.4898,0.496,0.3565,0.330425
PMI01227+1409,01:22:43.29,20.680374999999998,+14:09:34.5,14.159583333333334,-0.078,-0.14,10.16,1.1,PMI01226+1409E,01:22:41.13,20.671375,+14:09:28.8,14.158,-0.077,-0.135,19.21,4.2,31.9,20.67137105081,14.15798615006,0.0024985,0.0015424,66.27,2590426030418533120,20.67101755791,0.1317,14.15735803509,0.0888,6.2818,0.1566,40.1169,160.998,-77.12,0.146,-141.326,0.105,307,-2.1744,313.96,0.0,0.0,95,1.2057,0.0281,14,0.912,false,1263.49,1.56473,17.933441,211.438,7.63366,19.525585,1659.84,16.697727,1.481,2.827858,,,0,,,124980206710969576,1237649919505006654,,521006531,0.003066,0.039298,0.010454,17.910356,0.003054,1290.64,0.026,2.37,1.7334,0.3464,0.05173
PMI01266-4842W,01:26:37.33,21.655541666666664,-48:42:51.0,-48.714166666666664,0.205,-0.05,13.63,2.09,PMI01266-4842E,01:26:38.28,21.659499999999998,-48:42:54.9,-48.71525,0.205,-0.05,18.83,4.4,10.2,21.65947059595,-48.71526945192,0.001123,8.782E-4,147.99,4929714504018990848,21.66031483801,0.0494,-48.71540610349,0.0588,6.0747,0.0723,83.9802,129.048,125.332,0.059,-30.746,0.067,462,0.1933,489.8,0.047,0.05873,31,,,28,1.006,false,2087.9,1.48322,17.388092,341.878,7.74259,19.003864,2726.17,16.159016,1.469,2.844849,,,0,,,,,,,0.002861,0.024747,0.004966,17.388092,0.002861,2087.9,0.012,0.9534,1.0599,-0.2179,0.098903
NLTT4817,01:26:55.17,21.729875000000003,+12:00:25.9,12.007194444444444,-0.014,-0.359,11.12,0.89,NLTT4814,01:26:54.13,21.725541666666665,+12:00:06.8,12.001888888888889,-0.011,-0.364,16.61,2.88,24.4,21.72551265562,12.00186552341,9.182E-4,4.52E-4,82.74,2586414432179966720,21.72545729046,0.0387,12.00027166023,0.0263,5.7109,0.0451,126.7366,358.826,-12.185,0.057,-358.619,0.028,322,-1.8043,282.08,0.0,0.0,31,,,16,0.928,false,8962.62,3.71154,15.806279,2781.32,9.05822,16.727913,9000.09,14.862279,1.315,1.865634,,,0,,,,1237678919677050930,,511006400,0.002792,0.004504,0.004098,15.806279,0.002792,8962.62,-0.002,0.9126,0.4632,0.1895,0.132331
PMI01352+0538N,01:35:14.71,23.81129166666667,+05:38:24.7,5.640194444444445,0.285,-0.035,10.8,1.54,PMI01352+0538S,01:35:14.24,23.80933333333333,+05:38:12.0,5.636666666666667,0.267,-0.026,15.86,2.89,14.4,23.80935080235,5.63671559712,0.0032395,0.001778,83.84,2561970158390730752,23.81064677029,0.1596,5.63656079328,0.0937,9.2885,0.1881,49.3797,292.266,290.183,0.2,-34.831,0.109,332,53.6648,4687.23,1.138,145.9,31,,,16,3.714,false,8446.93,10.2264,15.87062,1548.88,8.72359,17.363495,11298.6,14.61533,1.521,2.748165,,,0,,,114760238102284378,1237678663045021711,,479005665,0.003053,0.006722,0.003997,15.87062,0.003053,8446.93,0.077,3.2265,1.8016,0.1345,0.186937
PMI01430-4959W,01:43:00.68,25.752833333333335,-49:59:26.8,-49.99077777777778,0.021,-0.181,14.09,1.22,PMI01430-4959E,01:43:01.27,25.75529166666667,-49:59:22.1,-49.989472222222226,0.021,-0.181,18.15,2.89,7.4,25.75524326902,-49.98947711423,0.0011912,9.966E-4,151.33,4917535930975682944,25.75546090074,0.0543,-49.99023881624,0.0565,2.8635,0.0743,38.5601,174.251,31.482,0.065,-171.383,0.073,419,-0.5662,416.13,0.0,0.0,31,,,28,0.98,false,2112.46,1.57703,17.375397,668.935,8.25539,18.275082,2162.14,16.410688,1.34,1.864393,,,0,,,,,504045455,,0.002872,0.013687,0.006586,17.375397,0.002872,2112.46,0.024,1.0446,1.1493,-0.1493,0.113394
PMI02012+0218,02:01:15.09,30.312875,+02:18:25.8,2.307166666666667,0.209,-0.024,17.44,2.25,PMI02012+0217,02:01:17.12,30.32133333333333,+02:17:29.7,2.2915833333333335,0.209,-0.024,18.87,3.28,63.8,30.3213443454,2.2915493688,0.0022611,0.0015969,83.4,2511491132882561536,30.32236055846,0.1129,2.29139867022,0.0843,3.1641,0.1351,23.4236,230.968,228.465,0.141,-33.907,0.1,199,-0.189,198.51,0.0,0.0,31,,,14,0.989,false,1604.24,2.03597,17.67419,476.095,10.6203,18.644308,1639.31,16.711245,1.319,1.933064,,,0,,,110750303221400178,1237678619041726584,16952257,462006207,0.003081,0.02438,0.007413,17.67419,0.003081,1604.24,-0.007,2.2536,1.6075,0.0807,0.128529
PMI02225+1531S,02:22:34.06,35.64191666666666,+15:31:09.9,15.519416666666666,0.188,-0.141,12.67,1.66,PMI02225+1531N,02:22:33.00,35.637499999999996,+15:31:47.8,15.529944444444444,0.188,-0.141,18.33,3.46,40.8,35.63743792842,15.5298920291,0.0020824,0.0015596,62.73,76352840507524480,35.63832587615,0.0885,15.52928502856,0.0813,4.6186,0.0968,47.7108,236.023,192.494,0.123,-136.576,0.106,150,0.6406,163.05,0.188,0.7015,31,,,14,1.036,false,2663.68,2.88616,17.123663,725.688,12.5896,18.186668,2890.23,16.095564,1.357,2.091105,,,0,,,126630356380825904,,,528011116,0.002996,0.019041,0.006373,17.123663,0.002996,2663.68,0.01,1.9841,1.6829,0.2322,0.286286
PMI02267-4214,02:26:47.96,36.69983333333334,-42:14:58.9,-42.249694444444444,-0.022,-0.16,13.85,1.54,PMI02267-4215,02:26:46.85,36.69520833333333,-42:15:06.8,-42.25188888888889,-0.022,-0.16,19.25,3.9,14.7,36.69526295046,-42.25190577099,0.0016413,0.0012663,154.18,4949994446237129344,36.69527053413,0.0723,-42.25254402112,0.0829,4.0523,0.1037,39.0828,143.612,1.263,0.084,-143.606,0.099,461,0.8821,505.87,0.117,0.161,31,,,31,1.029,false,1134.77,1.23968,18.050097,234.635,6.71763,19.41256,1394.99,16.886465,1.436,2.526094,,,0,,,,,504964366,,0.003,0.03121,0.008322,18.050097,0.003,1134.77,0.026,1.3455,1.577,-0.2014,0.157719
NLTT8753,02:42:05.13,40.521375,-24:45:16.3,-24.754527777777778,-0.058,-0.419,16.4,2.42,NLTT8759,02:42:14.98,40.562416666666664,-24:44:18.0,-24.738333333333333,-0.056,-0.418,17.47,3.02,146.3,40.56237782041,-24.7383583137,0.0010155,8.386E-4,11.22,5077009239202809216,40.56204642554,0.0384,-24.7402294676,0.0472,5.6226,0.0598,94.0589,426.421,-67.721,0.053,-421.01,0.062,409,2.5103,501.88,0.209,2.202,31,,,20,1.089,false,3605.07,2.44404,16.795084,952.173,9.95663,17.891752,3944.19,15.758,1.358,2.133752,,,0,,,78310405620322357,,11351049,,0.002852,0.011691,0.004445,16.795084,0.002852,3605.07,0.005,0.846,1.0094,0.0733,0.155626
PMI02548+2057W,02:54:49.43,43.705958333333335,+20:57:34.8,20.959666666666667,0.04,-0.115,16.54,2.39,PMI02548+2057E,02:54:50.04,43.7085,+20:57:32.1,20.958916666666667,0.036,-0.122,19.86,3.29,8.9,43.70851487899,20.95883041189,0.0060874,0.0040446,46.25,109222255287954816,43.70876003441,0.2877,20.95826984683,0.2774,2.1434,0.3854,5.5612,136.24,51.51,0.326,-126.127,0.327,180,-0.9715,164.07,0.0,0.0,31,,,13,0.947,false,457.491,1.36656,19.036411,106.4,8.4297,20.271189,497.578,18.005743,1.32,2.265446,,,0,,,133150437086580715,1237666276358553763,,555017425,0.004256,0.086064,0.02878,19.036411,0.004256,457.491,-0.052,5.2116,5.1239,0.3872,0.31452
PMI02569-5831N,02:56:55.71,44.232125,-58:31:24.3,-58.52341666666667,0.152,-0.098,14.07,2.54,PMI02569-5831S,02:56:56.81,44.23670833333333,-58:31:36.6,-58.526833333333336,0.152,-0.098,20.76,4.77,15.0,44.23668758007,-58.52681320364,0.0044306,0.0036299,26.8,4726927313898813184,44.23804740734,0.181,-58.52716429416,0.2051,6.1246,0.2071,29.5686,178.207,159.742,0.235,-78.994,0.265,391,1.0384,492.58,0.969,2.318,95,1.1314,0.0556,26,1.037,false,389.953,0.830022,19.209837,54.527,5.42693,20.997013,592.669,17.815865,1.66,3.181149,,,0,,,,,499879807,,0.003596,0.108097,0.012671,19.184246,0.003562,399.253,0.152,3.8063,4.28,0.1594,0.082298
PMI03150+0102,03:15:04.76,48.76983333333333,+01:02:15.2,1.0375555555555556,0.363,0.117,10.26,1.36,PMI03150+0103,03:15:00.92,48.75383333333333,+01:03:08.3,1.0523055555555556,0.353,0.128,14.89,3.27,78.3,48.75384541921,1.05227397445,3.674E-4,2.519E-4,40.6,3266980243936341248,48.75545381316,0.0139,1.05279403873,0.0154,12.9069,0.0179,722.9915,380.278,361.828,0.019,117.014,0.02,223,1.9412,243.61,0.014,0.09782,31,,,16,1.093,false,53485.5,21.0376,13.866776,15095.5,41.1475,14.891423,56983.2,12.858528,1.348,2.032895,,,0,,,109260487548743638,1237666302165516336,76128507,456008376,0.002788,0.004067,0.003884,13.866776,0.002788,53485.5,0.008,0.3062,0.3236,0.3569,0.12173
PMI03256-3333E,03:25:41.79,51.424125000000004,-33:33:34.6,-33.55961111111111,0.137,-0.182,14.93,2.42,PMI03256-3333Wn,03:25:40.93,51.420541666666665,-33:33:25.3,-33.557027777777776,0.137,-0.182,16.72,3.07,14.2,51.42052865195,-33.55703648913,6.79E-4,4.378E-4,160.86,5053694301294923264,51.4211943998,0.0215,-33.55777532469,0.0277,2.8929,0.0346,83.6864,207.887,124.828,0.029,-166.238,0.041,510,8.0701,829.47,0.207,7.41,31,,,28,1.264,false,10201.6,3.04503,15.665698,3402.76,11.2358,16.508965,9973.64,14.750761,1.311,1.758204,,,0,,,67730514211141062,,17265507,,0.002774,0.004543,0.00417,15.665698,0.002774,10201.6,0.009,0.4697,0.6573,-0.2703,0.05008
NLTT12296,03:59:04.27,59.76779166666667,-06:56:03.2,-6.934222222222223,0.024,-0.253,15.05,2.42,NLTT12294,03:59:02.49,59.760375,-06:56:33.8,-6.942722222222223,0.023,-0.258,18.28,3.01,40.5,59.76040326225,-6.94272777926,0.0015281,0.0011687,95.78,3196825114253296000,59.76052512123,0.0829,-6.94383423774,0.0682,3.8935,0.1056,36.8627,250.437,27.217,0.096,-248.953,0.075,336,-0.6123,329.39,0.0,0.0,31,,,19,0.975,false,1634.49,1.59327,17.653913,413.63,8.64636,18.797012,1789.87,16.61584,1.348,2.181171,,,0,,,99660597604757922,1237652899163406422,22012717,,0.002952,0.022867,0.008725,17.653913,0.002952,1634.49,-0.012,1.5249,1.1729,-0.0543,0.10296
PMI04072+1526N,04:07:16.36,61.81816666666666,+15:26:42.8,15.445222222222222,0.109,-0.122,10.3,1.33,PMI04072+1526S,04:07:15.45,61.81437499999999,+15:26:20.2,15.438944444444447,0.103,-0.12,17.85,3.59,26.2,61.81439078063,15.43893099127,0.0018797,0.0014201,72.71,45163165961737984,61.81489210428,0.0836,15.43838777084,0.0612,10.0086,0.0906,110.4694,163.587,108.727,0.114,-122.225,0.091,260,0.8437,297.56,0.116,0.2743,31,,,16,1.036,false,2238.44,2.57425,17.312506,301.167,7.7386,19.141521,3062.42,16.032732,1.503,3.108789,,,0,,,126520618147986708,1237673328152674513,,528022728,0.003025,0.028038,0.005864,17.312506,0.003025,2238.44,0.006,1.8438,1.4665,0.1592,0.073105
PMI04099+0942E,04:09:54.30,62.47625,+09:42:58.8,9.716333333333333,0.078,-0.273,14.21,1.94,PMI04099+0942W,04:09:54.07,62.47529166666668,+09:42:56.4,9.715666666666667,0.078,-0.273,17.11,3.94,4.2,62.47527118804,9.71567628445,6.007E-4,4.557E-4,62.67,3300404435348959104,62.47562742149,0.0266,9.71442166423,0.0232,4.1167,0.0326,126.1863,293.136,79.003,0.036,-282.29,0.031,243,-1.933,201.58,0.0,1.303E-15,31,,,16,0.911,false,14709.6,5.34279,15.268365,5112.48,18.693,16.066963,14062.1,14.377769,1.304,1.689194,,,0,,,119650624755118386,,,,0.002783,0.004852,0.004302,15.268365,0.002783,14709.6,0.01,0.5732,0.4898,0.2225,0.080493
PMI04254-4601,04:25:28.74,66.36975,-46:01:23.9,-46.02330555555555,0.1,-0.124,14.51,1.67,PMI04255-4601,04:25:30.84,66.37849999999999,-46:01:22.7,-46.02297222222222,0.1,-0.124,20.24,3.83,21.9,66.37848755377,-46.02300779061,0.0039698,0.0024424,154.14,4789468463000941568,66.37903984409,0.1396,-46.02349278134,0.1609,2.4958,0.1623,15.3782,139.115,86.286,0.175,-109.123,0.229,354,0.0022,364.2,0.0,2.152E-15,31,,,26,0.999,false,562.716,1.17243,18.811644,155.093,8.39452,19.862062,636.33,17.73869,1.406,2.123373,,,0,,,,,502851506,,0.003565,0.058833,0.018869,18.811644,0.003565,562.716,0.054,2.798,3.7277,-0.3686,0.131772
PMI04325-5657N,04:32:32.44,68.13516666666668,-56:57:04.3,-56.95119444444445,0.124,-0.133,12.22,1.34,PMI04325-5657S,04:32:31.79,68.13245833333333,-56:57:14.6,-56.954055555555556,0.124,-0.133,16.81,3.16,11.6,68.13247440251,-56.95406149412,6.752E-4,5.665E-4,168.01,4775215356330828672,68.1334655547,0.0273,-56.95452055124,0.0297,5.1527,0.0292,176.4765,159.553,121.609,0.036,-103.287,0.042,340,0.5576,363.06,0.049,0.2361,31,,,26,1.021,false,7295.74,3.46016,16.029694,1945.33,10.6299,17.116056,8005.66,14.989403,1.364,2.126654,,,0,,,,,500903272,,0.002803,0.006556,0.004581,16.029694,0.002803,7295.74,0.011,0.5716,0.6708,-0.0715,0.038108
PMI04327+0820,04:32:45.59,68.18995833333335,+08:20:05.5,8.334861111111111,0.053,-0.085,14.09,1.73,PMI04327+0820-2,04:32:46.10,68.19208333333334,+08:20:14.6,8.337388888888889,0.053,-0.085,19.89,3.09,11.9,68.19218649363,8.33740891598,0.00712,0.0043793,100.6,3287240218851469440,68.1924536086,0.2738,8.33701724433,0.1076,1.9737,0.3119,6.327,106.313,59.466,0.444,-88.126,0.283,705,0.8344,773.68,0.549,1.056,95,1.3504,0.0449,18,1.022,false,341.92,0.647595,19.352556,87.4198,4.24311,20.484518,384.344,18.286095,1.38,2.198423,,,0,,,118000681923365044,1237673451091001503,,,0.003438,0.052772,0.015507,19.340255,0.003424,345.816,0.017,7.0447,4.4994,-0.1797,0.374458
PMI04332+0013,04:33:17.84,68.32433333333333,+00:13:59.8,0.23327777777777778,-0.06,-0.152,11.43,1.22,PMI04333+0014,04:33:18.67,68.32779166666668,+00:14:14.0,0.2372222222222222,-0.064,-0.14,16.85,3.51,18.9,68.32779602373,0.23724001446,8.933E-4,5.568E-4,107.68,3230604241761669888,68.32752996493,0.0408,0.23657820691,0.022,6.2826,0.0483,130.0686,160.489,-59.863,0.054,-148.907,0.037,332,2.3006,401.64,0.112,1.589,31,,,18,1.09,false,10241.7,5.40972,15.661433,2761.25,8.1818,16.735777,11154.5,14.629274,1.359,2.106503,,,0,,,108280683275974624,1237646587167768714,76259693,452012760,0.002814,0.004259,0.00405,15.661433,0.002814,10241.7,0.009,0.8678,0.5958,-0.2731,0.065945
PMI04477-3044W,04:47:42.65,71.92770833333333,-30:44:03.2,-30.734222222222225,0.157,-0.142,11.59,1.31,PMI04477-3044E,04:47:44.22,71.93425,-30:44:02.5,-30.734027777777783,0.143,-0.143,18.8,3.75,20.3,71.93424225372,-30.73407817858,0.0015187,0.0011777,141.84,4878015948316928896,71.93508207843,0.0584,-30.73473056173,0.0684,6.7589,0.0808,83.6326,218.921,162.421,0.083,-146.786,0.088,400,-0.9289,387.55,0.0,0.0,31,,,27,0.966,false,1605.52,1.53398,17.673328,313.236,7.94905,19.098864,1958.31,16.518192,1.415,2.580671,,,0,,,71110719349038697,,19330689,,0.002944,0.027694,0.005508,17.673328,0.002944,1605.52,-0.004,1.3183,1.3983,-0.2423,0.183019
NLTT14407,05:02:20.19,75.584125,-19:32:04.4,-19.534555555555556,0.527,-0.419,11.82,2.2,NLTT14408,05:02:20.95,75.58729166666667,-19:32:01.9,-19.53386111111111,0.527,-0.419,14.58,2.9,11.0,75.58718742239,-19.53378375589,2.174E-4,1.748E-4,158.47,2975937626280978304,75.58969524744,0.0092,-19.53567799199,0.0104,15.8243,0.0147,1077.104,681.499,531.784,0.011,-426.199,0.013,575,2.877,628.28,0.0,0.0,31,,,26,1.086,false,46835.5,10.3434,14.010928,12538.1,18.0248,15.092964,50966.9,12.979675,1.356,2.113289,,,0,,,84550755887498307,,22954369,,0.002766,0.003197,0.003866,14.010928,0.002766,46835.5,0.005,0.1811,0.2122,-0.1484,0.450155
PMI05137+0647W,05:13:46.03,78.44179166666666,+06:47:01.0,6.783611111111111,0.134,-0.109,11.83,0.94,PMI05137+0647E,05:13:47.17,78.44654166666666,+06:47:08.6,6.7857222222222235,0.134,-0.109,19.17,4.01,18.6,78.44656252155,6.78571863871,0.0030309,0.0020866,97.99,3240866082566982912,78.44720360375,0.1348,6.78519814204,0.0929,4.0397,0.1443,27.9974,185.016,143.233,0.186,-117.112,0.13,228,1.8177,276.49,0.324,1.073,31,,,16,1.086,false,1276.48,2.30656,17.922329,220.483,13.6259,19.480103,1550.49,16.771727,1.387,2.708376,,,0,,,116140784469362970,,,484028777,0.003382,0.067157,0.02062,17.922329,0.003382,1276.48,-0.05,3.0155,2.1089,-0.1046,0.07566
PMI05195+0903E,05:19:34.77,79.89487500000001,+09:03:46.3,9.062861111111111,0.079,-0.234,14.56,2.15,PMI05195+0903W,05:19:34.09,79.89204166666667,+09:03:36.8,9.060222222222222,0.079,-0.234,17.98,3.1,13.9,79.8920646091,9.06020753164,0.0016576,7.678E-4,114.37,3338378955632088960,79.89243382411,0.0697,9.05919068063,0.0483,3.4055,0.0854,39.8641,243.055,82.037,0.096,-228.792,0.059,454,2.4232,549.97,0.0,0.0,31,,,18,1.081,false,2640.35,1.68453,17.133211,781.582,7.88798,18.106106,2712.33,16.16454,1.323,1.941567,,,0,,,118870798923991583,,,496032233,0.002841,0.011307,0.005707,17.133211,0.002841,2640.35,-0.004,1.5428,0.9782,-0.5375,0.097208
PMI05484-3617Nn,05:48:28.64,87.11933333333333,-36:17:06.7,-36.28519444444444,0.09,-0.156,14.77,1.78,PMI05484-3617S,05:48:29.65,87.12354166666667,-36:17:19.5,-36.28875,0.09,-0.156,18.47,2.98,17.6,87.12357130507,-36.28873888155,0.0014995,0.001178,158.02,2887339666508493312,87.12406762649,0.0578,-36.28939618187,0.0731,2.7503,0.0756,36.3597,173.131,90.013,0.077,-147.892,0.09,413,0.2163,432.6,0.0,0.0,31,,,29,1.007,false,1510.45,1.36659,17.739603,421.472,10.047,18.776619,1577.14,16.753218,1.323,2.023401,,,0,,,,,19887667,,0.002925,0.026032,0.008182,17.739603,0.002925,1510.45,-0.015,1.2281,1.4587,-0.1668,0.094862
PMI06032+1921N,06:03:14.87,90.81195833333334,+19:21:38.6,19.360722222222222,0.667,-0.623,9.32,1.32,PMI06032+1921S,06:03:14.51,90.81045833333333,+19:21:34.0,19.359444444444446,0.659,-0.609,13.51,2.92,6.9,90.81044831369,19.35946080657,5.667E-4,3.126E-4,121.95,3374633977170787328,90.81358984272,0.0246,19.35671450395,0.0224,14.3354,0.0307,466.9496,909.151,666.877,0.032,-617.924,0.024,207,-0.8132,490.44,0.131,12.8,95,1.3896,0.0055,16,0.958,false,179801.0,70.0246,12.550386,67241.0,1586.05,13.269457,174272.0,11.644826,1.343,1.624631,,,0,,,131220908124339466,,,547074944,0.002788,0.025761,0.015611,12.550386,0.002788,179801.0,0.058,0.5085,0.4003,-0.4928,0.068028
PMI06050+0723S,06:05:03.52,91.26466666666667,+07:23:30.5,7.391805555555557,-0.199,-0.098,14.94,2.17,PMI06050+0723N,06:05:03.39,91.26412499999999,+07:23:39.1,7.394194444444445,-0.199,-0.098,16.83,2.99,8.8,91.26414029576,7.39418120249,8.975E-4,6.587E-4,104.87,3322408102564149888,91.26330194584,0.0454,7.39374341216,0.0403,6.1529,0.0488,126.0314,211.41,-187.06,0.055,-98.503,0.041,227,2.5736,291.46,0.093,0.584,31,,,14,1.123,false,6394.94,3.83328,16.172775,1752.53,10.0848,17.229378,6876.31,15.154507,1.349,2.074871,,,0,,,116870912636283168,,,487049183,0.002831,0.006843,0.004548,16.172775,0.002831,6394.94,0.004,0.8837,0.6771,-0.154,0.072487
PMI06394-3030E,06:39:24.52,99.85216666666666,-30:30:50.9,-30.51413888888889,0.04,0.183,14.73,2.16,PMI06394-3030W,06:39:24.03,99.85012499999999,-30:30:55.3,-30.515361111111112,0.04,0.183,16.17,2.48,7.0,99.85014314894,-30.51534789969,5.05E-4,4.727E-4,161.04,2894234910087077632,99.85042005785,0.0218,-30.51466567085,0.0255,7.3905,0.0302,245.0799,162.615,53.675,0.03,153.502,0.031,445,-1.2044,419.71,0.0,0.0,31,,,30,0.959,false,7944.02,2.9333,15.937266,2338.25,10.1973,16.916315,8247.86,14.957042,1.333,1.959273,,,0,,,71380998502952350,,32880685,,0.002784,0.005496,0.003989,15.937266,0.002784,7944.02,0.003,0.4762,0.5017,-0.0407,0.07369
PMI06436+0851,06:43:36.55,100.90229166666667,+08:51:44.4,8.862333333333334,0.069,-0.055,13.79,2.09,PMI06436+0851-2,06:43:35.88,100.89949999999999,+08:51:40.8,8.861333333333333,0.084,-0.065,18.67,3.54,10.5,100.89951039799,8.86133253645,0.0039613,0.0025053,132.29,3134441672057972480,100.89984030899,0.1456,8.86104876623,0.1408,4.7888,0.1724,27.7846,97.242,73.344,0.211,-63.848,0.201,215,1.452,258.33,0.44,1.194,31,,,16,1.07,false,903.456,1.83204,18.2976,106.774,13.8941,20.267378,1226.25,17.026443,1.475,3.240934,,,0,,,118631008997163870,,,495091604,0.003527,0.14131,0.012535,18.2976,0.003527,903.456,-0.041,3.3806,3.2466,-0.427,0.037097
PMI08152-6337,08:15:17.60,123.82333333333334,-63:37:18.4,-63.62177777777778,-0.152,0.24,12.22,2.26,PMI08153-6337,08:15:18.03,123.825125,-63:37:04.5,-63.617916666666666,-0.152,0.24,16.74,3.5,14.2,123.82513815954,-63.61790944774,9.153E-4,7.41E-4,90.48,5277263910448616832,123.82392605056,0.0445,-63.61678995214,0.0389,11.9734,0.0439,272.5507,279.524,-121.187,0.058,251.888,0.046,256,2.0862,313.03,0.161,1.883,31,,,20,1.093,false,6807.19,3.7748,16.104948,1169.66,7.38016,17.668392,8731.94,14.895119,1.455,2.773274,,,0,,,,,459518677,,0.00282,0.007397,0.003965,16.104948,0.00282,6807.19,0.007,0.9153,0.7411,-0.0035,0.033444
PMI08239-7549W,08:23:54.94,125.97891666666666,-75:49:34.3,-75.82619444444444,-0.045,0.202,11.06,1.53,PMI08239-7549E,08:23:58.54,125.99391666666666,-75:49:32.4,-75.82566666666666,-0.03,0.216,16.53,3.3,13.3,125.99395264413,-75.82564482167,8.244E-4,7.242E-4,54.46,5210633883758218240,125.99311082011,0.0351,-75.82477032183,0.0385,9.9803,0.0363,275.1078,202.156,-46.382,0.049,196.763,0.046,307,-0.5353,311.66,0.018,0.0217,31,,,25,0.977,false,5638.39,4.36921,16.30948,799.331,13.8912,18.081724,7679.65,15.034542,1.504,3.047182,,,0,,,,,461688396,,0.002881,0.019074,0.004754,16.30948,0.002881,5638.39,0.016,0.792,0.7595,0.1219,0.084797
PMI08386-3856,08:38:36.72,129.65300000000002,-38:56:55.7,-38.94880555555556,0.101,-0.126,12.65,1.92,PMI08386-3857,08:38:37.73,129.65720833333336,-38:57:14.4,-38.954,0.101,-0.126,17.42,3.57,22.0,129.65716451334,-38.95401959404,7.239E-4,6.562E-4,11.58,5529084818047155072,129.65753381495,0.033,-38.9544755085,0.039,6.7365,0.0468,144.0798,121.236,64.617,0.041,-102.581,0.045,382,0.7279,413.79,0.0,0.0,31,,,26,1.026,false,4603.3,3.16691,16.529694,944.518,16.4342,17.900517,5530.15,15.391052,1.407,2.509464,,,0,,,,,438099403,,0.002855,0.019096,0.004101,16.529694,0.002855,4603.3,-0.002,0.6591,0.7213,0.0387,0.14151
PMI09502+0509E,09:50:13.89,147.55787500000002,+05:09:02.4,5.150666666666668,0.21,-0.22,11.8,1.61,PMI09502+0509W,09:50:12.89,147.55370833333333,+05:09:08.2,5.152277777777778,0.217,-0.216,18.66,4.09,16.0,147.5537563107,5.15230269495,0.0022227,0.0014318,117.39,3849898909065442816,147.55472204651,0.1112,5.15132661438,0.1037,8.7138,0.1154,75.5135,308.329,216.413,0.127,-219.618,0.097,274,2.1442,339.78,0.27,1.615,31,,,13,1.093,false,2137.86,2.26615,17.362417,341.736,12.6996,19.004314,2765.99,16.14327,1.454,2.861044,,,0,,,114181475546272187,1237658298455490701,,476135248,0.002986,0.040445,0.011731,17.362417,0.002986,2137.86,-0.007,2.0806,1.6315,-0.3478,0.194004
PMI10105+1203W,10:10:34.78,152.64491666666666,+12:03:17.6,12.05488888888889,-0.185,-0.078,12.53,1.55,PMI10105+1203E,10:10:35.17,152.64654166666665,+12:03:22.9,12.05636111111111,-0.185,-0.078,18.23,3.86,7.8,152.64655619672,12.05631200113,0.0015634,8.712E-4,122.44,3880754606955056256,152.64564864112,0.0684,12.05589010122,0.0624,4.9773,0.078,63.791,221.11,-199.696,0.086,-94.928,0.067,335,-0.8488,323.05,0.0,0.0,31,,,15,0.966,false,3169.48,2.22493,16.934896,742.421,9.84106,18.161917,3766.1,15.808166,1.422,2.353751,,,0,,,122461526459457768,1237661068712542237,,511159674,0.002859,0.01466,0.004898,16.934896,0.002859,3169.48,0.037,1.3998,1.1153,-0.4887,0.184048
PMI10520+1521N,10:52:02.16,163.00900000000001,+15:21:18.6,15.355166666666669,0.134,-0.15,16.23,2.37,PMI10520+1521S,10:52:01.65,163.006875,+15:21:09.5,15.352638888888889,0.134,-0.15,18.46,3.34,11.7,163.00684385072,15.35267525357,0.0030149,0.0017074,83.47,3981306216625912320,163.00742709852,0.1208,15.35199166732,0.0731,2.5201,0.0987,25.5357,199.176,126.548,0.183,-153.807,0.107,163,0.9923,183.95,0.196,0.7991,31,,,12,1.054,false,2307.66,2.45836,17.27944,702.006,10.4542,18.22269,2337.13,16.326189,1.317,1.896502,,,0,,,126421630074262966,1237668584356577385,,527168553,0.002988,0.016408,0.009061,17.27944,0.002988,2307.66,-0.004,3.0017,1.7306,0.1343,0.169798
PMI11110-4414,11:11:04.09,167.76704166666664,-44:14:15.9,-44.23775,-0.134,-0.32,12.97,1.56,PMI11109-4416,11:10:57.83,167.7409583333333,-44:16:31.1,-44.275305555555555,-0.152,-0.306,16.24,2.83,151.0,167.74094765721,-44.27530969287,3.947E-4,3.26E-4,39.01,5388610697078929920,167.7400425211,0.0194,-44.27668719397,0.0192,5.3786,0.0315,170.9869,342.525,-145.816,0.021,-309.937,0.023,643,-1.8816,586.31,0.0,0.0,31,,,21,0.947,false,12105.3,3.00168,15.479932,4010.85,8.2231,16.330452,11793.0,14.568839,1.306,1.761613,,,0,,,,,,,0.002768,0.003569,0.003904,15.479932,0.002768,12105.3,0.003,0.3548,0.369,0.1849,0.031291
PMI11125-3512,11:12:30.07,168.12529166666667,-35:12:35.0,-35.209722222222226,-0.115,-0.113,15.31,2.2,PMI11124-3512,11:12:28.92,168.1205,-35:12:36.0,-35.21000000000001,-0.115,-0.113,18.52,3.3,14.1,168.12051107869,-35.20996497578,0.0018233,0.0015681,106.02,5400653849798055808,168.12015775013,0.0601,-35.21010188936,0.0686,1.8626,0.1078,17.2756,71.889,-64.954,0.112,-30.805,0.1,442,-1.2193,419.59,0.0,0.0,31,,,20,0.958,false,1430.74,1.29742,17.798462,327.741,7.68869,19.049715,1647.3,16.705967,1.38,2.343748,,,0,,,,,86491519,,0.002926,0.025623,0.005542,17.798462,0.002926,1430.74,-0.003,1.8051,1.589,-0.08,0.13023
NLTT27188,11:22:26.44,170.61016666666666,-27:13:35.2,-27.226444444444443,-0.32,0.063,13.32,1.93,NLTT27182,11:22:23.60,170.59833333333336,-27:13:45.0,-27.229166666666668,-0.302,0.066,14.94,2.42,39.1,170.59831400377,-27.22924784972,0.0041636,0.00323,129.3,3531611424065033600,170.5967364035,0.1823,-27.22898941805,0.18,3.6373,0.282,12.898,320.936,-315.624,0.236,58.149,0.228,435,231.3011,105501.73,2.394,2542.0,31,,,20,15.654,false,33155.0,102.335,14.385996,14964.4,30.7619,14.900897,31043.3,13.517975,1.388,1.382922,,,0,,,75321705969245524,,87355593,,0.004338,0.003573,0.00407,14.385996,0.004338,33155.0,0.131,3.8166,3.6334,-0.244,0.298737
PMI11263+2047Ee,11:26:21.55,171.58979166666668,+20:47:22.7,20.789638888888888,0.118,-0.193,13.34,2.18,PMI11263+2047Ew,11:26:20.37,171.584875,+20:47:15.0,20.7875,0.118,-0.193,17.37,3.61,18.2,171.5848809416,20.78747435184,0.0011092,8.822E-4,133.56,3978789778107020672,171.58537631819,0.0517,20.78657485651,0.0506,8.0768,0.0582,138.7599,227.638,104.204,0.062,-202.387,0.061,190,-0.3427,248.96,0.175,1.738,95,1.2837,0.0154,14,0.98,false,5423.66,4.73109,16.351637,1205.56,12.3534,17.635572,6566.22,15.204606,1.433,2.430966,,,0,,,132941715852304781,1237667781218664495,,554168578,0.002914,0.01147,0.005448,16.335194,0.002909,5506.42,0.036,1.0078,0.9964,-0.2248,0.094474
PMI11330+1318N,11:33:02.86,173.26191666666665,+13:18:33.2,13.309222222222223,-0.237,-0.01,9.41,1.13,PMI11330+1318S,11:33:03.95,173.26645833333333,+13:18:17.1,13.30475,-0.227,0.008,15.98,3.19,22.7,173.26648629469,13.30474187451,6.788E-4,5.046E-4,106.84,3917948126090222976,173.26538130336,0.0331,13.30469062755,0.0275,10.8094,0.036,300.4117,242.225,-241.95,0.041,-11.531,0.033,221,0.1328,225.53,0.0,0.0,31,,,16,1.005,false,10445.3,6.20926,15.640069,1899.82,14.6909,17.141762,13252.3,14.442165,1.451,2.699596,,,0,,,123961732657586173,1237661951323340810,,517164608,0.00283,0.008847,0.004027,15.640069,0.00283,10445.3,0.014,0.666,0.5215,-0.1646,0.102233
PMI11392-4118N,11:39:12.23,174.80095833333337,-41:18:15.1,-41.30419444444444,-0.206,0.22,12.78,2.43,PMI11392-4118S,11:39:12.30,174.80125,-41:18:26.2,-41.307277777777784,-0.206,0.22,14.81,3.03,11.1,174.80122733909,-41.30729500651,2.506E-4,2.266E-4,137.03,5384089264747242752,174.80006594908,0.0138,-41.30667171355,0.0115,13.83,0.0203,682.1451,241.244,-196.293,0.014,140.242,0.015,719,5.5318,909.25,0.08,3.612,31,,,24,1.149,false,31204.6,9.62236,14.451822,6572.03,12.097,15.794293,37639.7,13.30878,1.417,2.485514,,,0,,,,,84440422,,0.002776,0.003432,0.003826,14.451822,0.002776,31204.6,0.012,0.2381,0.2398,-0.0999,0.087191
PMI11584-4155E,11:58:27.99,179.616625,-41:55:19.3,-41.92202777777778,-0.769,-0.266,9.0,1.67,PMI11584-4155W,11:58:26.46,179.61025,-41:55:03.4,-41.917611111111114,-0.766,-0.274,15.06,3.28,23.3,179.6102361518,-41.91760041606,3.812E-4,3.339E-4,52.04,5380306876026604544,179.60561573834,0.0203,-41.91880539961,0.0181,30.5515,0.0314,974.3066,819.697,-773.568,0.022,-271.1,0.022,450,10.6061,843.25,0.168,10.0,31,,,20,1.375,false,25052.0,11.5264,14.690261,4093.62,12.5943,16.308273,32600.2,13.464845,1.465,2.843429,,,0,,,,,,,0.0028,0.004352,0.003958,14.690261,0.0028,25052.0,0.007,0.364,0.3525,0.1279,0.053465
PMI12170+0742E,12:17:05.76,184.274,+07:42:30.3,7.7084166666666665,0.034,-0.158,15.25,1.7,PMI12170+0742W,12:17:04.98,184.27075,+07:42:31.1,7.7086388888888875,0.034,-0.158,18.4,2.98,11.6,184.27071332531,7.70859394479,0.0020107,0.0013451,97.73,3901699135233746048,184.27105488703,0.0976,7.70797675256,0.0684,2.0278,0.1139,17.802,158.38,76.157,0.124,-138.868,0.085,244,0.8121,268.48,0.205,0.7091,31,,,16,1.036,false,1835.45,1.81146,17.528008,602.109,12.4898,18.389355,1736.57,16.648664,1.274,1.74069,,,0,,,117251842709400372,,,489161134,0.002956,0.022694,0.006171,17.528008,0.002956,1835.45,-0.026,2.0006,1.3601,-0.1094,0.208079
PMI12237+0625,12:23:43.48,185.93116666666666,+06:25:10.3,6.419527777777778,-0.173,-0.021,14.06,2.2,PMI12237+0624,12:23:44.04,185.9335,+06:24:48.4,6.413444444444444,-0.173,-0.021,18.52,3.89,23.4,185.93342287918,6.41343684807,0.0016652,0.0010991,104.4,3900579729317324928,185.93264825045,0.0772,6.41330152724,0.0563,5.0033,0.0896,55.8214,175.857,-173.201,0.102,-30.447,0.071,271,-0.6479,262.71,0.0,0.0,31,,,15,0.971,false,2427.18,2.07612,17.224613,519.071,7.856,18.550476,2877.95,16.10019,1.4,2.450287,,,0,,,115691859330306495,1237661970112249908,,483157350,0.002908,0.016668,0.004937,17.224613,0.002908,2427.18,0.0,1.6359,1.1423,-0.2017,0.277249
PMI12277+1334,12:27:43.78,186.93241666666668,+13:34:16.2,13.571166666666667,0.082,-0.248,16.12,2.34,PMI12277+1336,12:27:46.62,186.94424999999998,+13:36:37.0,13.610277777777778,0.077,-0.269,18.29,2.8,146.7,186.94421583355,13.61025429704,0.0019856,0.0012497,93.41,3932790231690583552,186.94455328409,0.0869,13.60907255877,0.0631,2.4533,0.1029,23.8475,275.942,73.794,0.124,-265.891,0.079,246,-0.4314,241.95,0.0,0.0,31,,,16,0.979,false,1908.62,1.8052,17.485569,588.57,8.07687,18.414047,1898.73,16.551739,1.303,1.862309,,,0,,,124331869444811904,1237661951329108123,,519172729,0.00294,0.015158,0.008701,17.485569,0.00294,1908.62,-0.013,1.9835,1.2531,-0.0569,0.146412
PMI12283+1222S,12:28:18.28,187.07616666666667,+12:22:36.4,12.376777777777777,-0.184,-0.127,12.67,1.27,PMI12283+1222N,12:28:18.75,187.078125,+12:22:50.7,12.38075,-0.16,-0.112,19.23,3.21,15.8,187.07816886206,12.3808030875,0.0033962,0.0021491,96.47,3907884781492472320,187.07732561527,0.1412,12.38027541111,0.1099,3.1793,0.1588,20.0231,220.089,-185.318,0.21,-118.727,0.134,252,0.3867,266.39,0.159,0.1712,31,,,16,1.016,false,835.277,1.30786,18.382792,212.334,5.69671,19.520992,891.427,17.37268,1.321,2.148312,,,0,,,122851870773846893,1237658629695340601,,512166845,0.003238,0.029263,0.011562,18.382792,0.003238,835.277,-0.034,3.3833,2.1694,-0.1054,0.245585
PMI12440+0625E,12:44:02.57,191.01070833333333,+06:25:46.9,6.429694444444444,0.065,-0.135,13.16,1.27,PMI12440+0625We,12:44:00.58,191.00241666666668,+06:25:48.3,6.430083333333333,0.065,-0.135,19.68,3.55,29.7,191.00258937363,6.43004195746,0.004114,0.0026249,105.23,3709209971021479168,191.00283440675,0.1719,6.42940382737,0.0812,2.1375,0.197,10.8515,153.677,54.786,0.254,-143.579,0.172,464,1.4692,526.67,0.382,1.188,31,,,17,1.048,false,761.63,1.04592,18.483007,198.538,6.55205,19.593931,779.203,17.51877,1.284,2.075161,,,0,,,115711910027006062,1237671764789362833,,483158988,0.003133,0.035939,0.014982,18.483007,0.003133,761.63,-0.062,4.0289,2.7536,-0.2292,0.635536
PMI12508+0757,12:50:48.80,192.70333333333335,+07:57:56.7,7.965750000000001,0.047,-0.163,10.84,1.27,PMI12507+0758,12:50:47.08,192.69616666666664,+07:58:08.0,7.96888888888889,0.027,-0.151,18.14,3.89,28.0,192.69617246799,7.96886171867,0.0019892,0.0012699,126.73,3709811781839099520,192.69637728395,0.0715,7.96813709122,0.0429,5.9844,0.0807,74.2013,169.308,45.639,0.112,-163.041,0.098,394,-0.4432,394.05,0.0,0.0,31,,,18,0.983,false,2946.25,2.00025,17.014194,583.255,9.06024,18.423897,3608.27,15.854649,1.423,2.569248,,,0,,,117561926963012645,1237661972262617214,,490166058,0.002852,0.017095,0.005247,17.014194,0.002852,2946.25,0.006,1.7659,1.5656,-0.4064,0.099976
PMI13116+1106,13:11:41.81,197.92420833333335,+11:06:24.8,11.10688888888889,-0.102,-0.122,12.89,1.06,PMI13116+1105,13:11:32.30,197.88458333333335,+11:05:40.7,11.09463888888889,-0.106,-0.114,17.83,2.8,146.8,197.88461701756,11.09467134214,0.0021049,0.0012875,136.39,3735993833755728512,197.88408689669,0.0653,11.09417394178,0.0468,2.0333,0.0775,26.223,161.942,-117.048,0.11,-111.915,0.112,555,-1.0071,540.38,0.0,0.0,31,,,15,0.969,false,2984.82,1.47178,17.000072,1051.96,7.81372,17.78354,2794.91,16.131977,1.289,1.651564,,,0,,,121311978842963712,1237661815488839790,,506166021,0.002807,0.008534,0.005198,17.000072,0.002807,2984.82,0.0,1.7254,1.7639,-0.4551,0.166763
NLTT33282,13:13:09.08,198.28783333333334,-07:42:15.2,-7.704222222222223,-0.163,-0.196,15.04,2.15,NLTT33283,13:13:09.60,198.29000000000002,-07:42:07.8,-7.702166666666667,-0.159,-0.19,15.6,2.4,10.0,198.28999918131,-7.70216342107,6.642E-4,3.93E-4,105.39,3628318900565662848,198.28927688273,0.03,-7.70305269202,0.0205,4.2042,0.0365,115.2957,256.85,-161.051,0.04,-200.086,0.026,435,1.2288,474.88,0.07,1.063,31,,,16,1.041,false,14632.1,3.94173,15.2741,4868.67,11.0602,16.120016,14226.7,14.365133,1.305,1.754883,,,0,,,98751982895817225,,107320187,412116094,0.002771,0.003724,0.00416,15.2741,0.002771,14632.1,0.003,0.6489,0.4179,-0.2706,0.012044
PMI13133-4153N,13:13:20.50,198.33541666666667,-41:53:14.0,-41.88722222222222,-0.145,-0.044,13.65,2.07,PMI13133-4153S,13:13:21.15,198.338125,-41:53:29.2,-41.891444444444446,-0.145,-0.044,18.22,3.52,16.8,198.33813485416,-41.89147290965,0.0016448,0.0011377,90.57,6137513527321649280,198.3373457829,0.0851,-41.89163226169,0.058,6.0003,0.0895,67.0655,136.94,-132.163,0.101,-35.854,0.071,252,1.6021,297.21,0.163,0.624,31,,,17,1.072,false,2325.95,2.38431,17.270866,517.207,10.4461,18.554382,2702.48,16.168491,1.384,2.385891,,,0,,,,,95586956,,0.002972,0.022106,0.005454,17.270866,0.002972,2325.95,-0.006,1.6447,1.1378,-0.0075,0.105823
PMI13167+0810E,13:16:47.28,199.197,+08:10:27.4,8.174277777777778,0.189,-0.146,11.16,1.66,PMI13167+0810W,13:16:45.12,199.188,+08:10:21.5,8.172638888888889,0.186,-0.13,18.47,4.08,32.7,199.18799076857,8.17263647542,0.0025988,0.0011827,117.11,3731530091424109056,199.18885319143,0.1013,8.17200516608,0.0802,11.9643,0.1211,98.8242,238.892,192.074,0.149,-142.045,0.102,354,0.9517,417.73,0.216,0.6635,31,,,16,1.035,false,1690.4,1.98473,17.617395,203.901,10.7599,19.564991,2435.52,16.281418,1.561,3.283573,,,0,,,117801991885177168,1237661972802306340,,491172838,0.003036,0.057363,0.00655,17.617395,0.003036,1690.4,0.039,2.3752,1.5846,-0.5772,0.034024
PMI13372-4244E,13:37:14.25,204.30937500000002,-42:44:54.8,-42.748555555555555,0.129,-0.104,17.35,2.51,PMI13372-4244W,13:37:13.54,204.30641666666668,-42:44:54.4,-42.748444444444445,0.129,-0.104,19.43,3.31,7.8,204.30635327527,-42.74825581321,0.004004,0.0033623,148.45,6111802268244159488,204.30673207511,0.1902,-42.7486899926,0.1932,1.807,0.2499,7.2314,116.02,62.588,0.217,-97.69,0.232,230,0.716,251.3,0.15,0.09256,95,1.3924,0.053,15,1.033,false,621.679,1.37166,18.703451,170.912,8.84324,19.756613,658.584,17.701366,1.334,2.055246,,,0,,,,,,,0.003651,0.056247,0.013905,18.693679,0.003637,627.3,-0.008,3.5495,3.839,-0.1547,0.699445
PMI14055+0244S,14:05:30.97,211.3790416666667,+02:44:23.4,2.7398333333333333,-0.055,-0.131,15.45,2.04,PMI14055+0244N,14:05:31.65,211.38187499999998,+02:44:35.1,2.7430833333333333,-0.055,-0.131,20.6,4.1,15.5,211.38182827743,2.74322521601,0.005577,0.0038337,96.15,3667467115151048064,211.3815691886,0.2796,2.74259748957,0.2046,2.7206,0.2912,9.3422,152.771,-58.228,0.348,-141.238,0.242,220,-0.0208,232.79,0.0,0.0,95,1.2562,0.073,15,0.997,false,398.892,1.28035,19.185228,75.09,7.68594,20.649588,482.935,18.038174,1.399,2.611414,,,0,,,111292113816221686,1237651754560913615,,464136946,0.004443,0.111167,0.029337,19.165656,0.004394,406.148,-0.024,5.5601,3.8581,-0.0814,0.537699
PMI14124+0517S,14:12:28.75,213.11979166666669,+05:17:28.5,5.29125,-0.053,-0.172,13.29,1.39,PMI14124+0517N,14:12:28.04,213.11683333333332,+05:17:40.1,5.294472222222222,-0.053,-0.172,19.57,3.78,15.7,213.11681983258,5.29446833534,0.0032281,0.0026151,82.44,3671276613704368384,213.1165237169,0.1763,5.29366495491,0.1403,3.9262,0.2072,18.9482,192.55,-66.342,0.201,-180.761,0.164,172,-0.018,173.91,0.151,0.123,31,,,13,0.997,false,837.378,2.14666,18.380062,169.244,12.2144,19.767258,969.306,17.281742,1.36,2.485516,,,0,,,114352131166313236,1237651823781871636,,477156136,0.003916,0.078408,0.015487,18.380062,0.003916,837.378,-0.045,3.2185,2.6269,0.0553,0.050378
PMI14136-3634E,14:13:41.61,213.423375,-36:34:39.2,-36.577555555555556,-0.03,-0.166,15.27,2.12,PMI14136-3634W,14:13:40.94,213.42058333333335,-36:34:43.6,-36.57877777777778,-0.03,-0.166,17.91,2.68,9.1,213.42066275341,-36.5787889458,0.0017499,0.0014489,84.31,6118076463848580224,213.42040499748,0.0819,-36.57965785469,0.0696,3.5356,0.0866,40.8103,200.975,-46.572,0.109,-195.504,0.091,180,-1.879,152.97,0.0,0.0,95,1.3522,0.0219,14,0.899,false,2219.31,2.43982,17.321823,660.471,11.5661,18.288908,2296.25,16.345346,1.332,1.943562,,,0,,,,,100022491,,0.003003,0.019217,0.00564,17.313976,0.002999,2235.41,0.005,1.7472,1.4522,0.0375,0.233092
PMI14475+1134,14:47:35.80,221.89916666666664,+11:34:13.7,11.570472222222222,-0.049,-0.172,13.05,1.67,PMI14476+1134,14:47:36.16,221.90066666666667,+11:34:36.3,11.57675,-0.049,-0.172,20.37,3.25,23.1,221.90084403633,11.57642705051,0.0051544,0.0039593,86.95,1175399061331876224,221.90078542688,0.2552,11.57584141479,0.2213,1.5,0.3014,4.9763,132.4,-12.919,0.322,-131.768,0.246,204,1.0136,229.17,0.666,1.017,31,,,14,1.05,false,460.153,1.24174,19.030111,125.032,8.75829,20.095987,498.864,18.00294,1.356,2.093048,,,0,,,121892219007971813,1237662636367544658,,508176748,0.004022,0.076105,0.027624,19.030111,0.004022,460.153,0.008,5.1514,3.9632,0.0283,1.320221
PMI15413+1349N,15:41:19.36,235.33066666666664,+13:49:28.5,13.824583333333333,-0.19,-0.529,14.73,2.63,PMI15413+1349S,15:41:19.36,235.33066666666664,+13:49:23.6,13.823222222222222,-0.19,-0.529,16.76,3.19,4.0,235.33076785276,13.82324302915,9.057E-4,8.288E-4,79.84,1194062450875652736,235.32987739884,0.0402,13.82086089776,0.0369,9.829,0.0472,208.1971,570.196,-194.549,0.057,-535.98,0.053,274,1.3956,314.73,0.125,1.062,31,,,18,1.06,false,6150.43,3.9597,16.215103,1321.1,12.0798,17.536207,7416.49,15.072399,1.421,2.463808,,,0,,,124582353301036259,1237668365312196685,,520191536,0.002843,0.010312,0.004517,16.215103,0.002843,6150.43,0.019,0.9034,0.8313,0.0308,0.361564
PMI16008+0146E,16:00:53.85,240.22437500000004,+01:46:16.5,1.77125,-0.155,-0.132,13.25,1.98,PMI16008+0146W,16:00:53.48,240.22283333333337,+01:46:19.4,1.7720555555555555,-0.155,-0.132,17.91,3.53,6.2,240.22283431748,1.77206790218,0.0013092,0.0010403,95.04,4412485748771818752,240.22212362253,0.0643,1.77147507706,0.0527,6.479,0.0766,84.607,208.176,-159.83,0.082,-133.386,0.066,238,-0.5385,231.62,0.0,0.0,31,,,17,0.974,false,3059.18,2.45768,16.973354,729.458,12.8739,18.181042,3577.62,15.863912,1.408,2.31713,,,0,,,110122402222346344,1237651736857018678,,459152262,0.00289,0.019364,0.005855,16.973354,0.00289,3059.18,0.028,1.3073,1.0426,-0.0405,0.044589
PMI16519-4806N,16:51:58.19,252.9924583333333,-48:06:13.7,-48.10380555555555,-0.15,-0.109,15.02,1.93,PMI16519-4806S,16:51:57.91,252.99129166666668,-48:06:19.2,-48.105333333333334,-0.15,-0.109,17.31,3.09,6.2,252.99146220788,-48.10545592677,0.0038346,0.0030498,66.01,5939345866619921792,252.99142562533,0.1652,-48.10548780165,0.1194,-0.1113,0.1866,-0.5963,9.036,-5.496,0.23,-7.172,0.196,333,-3.0573,346.15,0.195,0.1975,95,1.0874,0.0416,20,0.882,false,607.382,1.21983,18.728712,65.7938,4.87877,20.79308,942.055,17.312706,1.659,3.480373,,,0,,,,,,,0.003514,0.080558,0.014319,18.703121,0.003482,621.868,0.109,3.7163,3.1929,0.1692,0.602374
PMI17135+1909,17:13:30.36,258.3765,+19:09:57.2,19.16588888888889,-0.116,-0.153,10.94,1.35,PMI17134+1910,17:13:29.74,258.3739166666667,+19:10:10.0,19.169444444444444,-0.124,-0.133,15.8,3.08,15.5,258.37393477831,19.16942939616,3.817E-4,2.927E-4,148.75,4560610099846214784,258.37341005814,0.0174,19.16874116588,0.018,9.1692,0.0271,338.9674,190.827,-111.516,0.02,-154.852,0.022,662,1.9978,748.51,0.031,0.2217,31,,,25,1.055,false,12990.7,4.34107,15.403285,2638.55,11.9845,16.78513,15933.2,14.242141,1.43,2.542989,,,0,,,131002583736013338,,,546211368,0.002779,0.005666,0.003881,15.403285,0.002779,12990.7,0.017,0.3191,0.3599,-0.2317,0.082023
PMI19207+0506S,19:20:46.74,290.19475,+05:06:26.5,5.1073611111111115,-0.06,-0.149,11.45,1.34,PMI19207+0506N,19:20:46.08,290.192,+05:06:38.5,5.110694444444444,-0.058,-0.14,17.42,2.96,15.4,290.19200200143,5.11068301411,0.0016953,0.0013083,108.61,4292904891389224064,290.1917371055,0.074,5.11000895766,0.0684,4.9772,0.0906,54.9336,162.867,-59.365,0.103,-151.663,0.084,195,1.5305,231.39,0.257,1.727,31,,,15,1.078,false,2825.71,2.85479,17.059547,689.942,14.7904,18.24151,3334.4,15.94035,1.424,2.301161,,,0,,,114132901917812569,,,476394974,0.002966,0.023442,0.006414,17.059547,0.002966,2825.71,0.047,1.66,1.3528,-0.1566,0.04177
PMI19420+2014S,19:42:00.86,295.5035833333334,+20:14:05.0,20.23472222222222,-0.096,-0.125,15.83,2.12,PMI19420+2014N,19:42:00.88,295.5036666666666,+20:14:10.3,20.236194444444443,-0.096,-0.125,16.11,2.98,5.3,295.50366434777,20.23622438955,5.563E-4,4.641E-4,5.01,1825707962359560576,295.50325978483,0.0217,20.235690452,0.0262,7.5956,0.034,223.1526,147.401,-85.408,0.029,-120.136,0.035,409,-0.193,412.49,0.0,0.0,31,,,23,0.992,false,8971.62,4.74137,15.805189,1837.54,7.21578,17.177948,10939.5,14.6504,1.424,2.527548,,,0,,,132282955034463621,,,552435864,0.002814,0.005095,0.004083,15.805189,0.002814,8971.62,0.013,0.4649,0.5556,0.0317,0.108087
PMI20072-3519E,20:07:13.51,301.80629166666665,-35:19:50.0,-35.330555555555556,-0.028,-0.187,15.73,1.78,PMI20072-3519W,20:07:13.20,301.805,-35:19:52.8,-35.33133333333333,-0.028,-0.187,16.22,3.02,4.6,301.80505890864,-35.33131440713,7.109E-4,5.094E-4,104.27,6697813554641159808,301.80492790989,0.0346,-35.33206644114,0.0275,7.1497,0.0387,184.84,170.908,-24.046,0.044,-169.208,0.033,281,-0.649,270.34,0.0,0.0,31,,,18,0.971,false,8386.85,4.82279,15.878369,1704.47,11.807,17.25957,10263.7,14.719631,1.427,2.539938,,,0,,,,,233295961,,0.002825,0.008022,0.004152,15.878369,0.002825,8386.85,0.014,0.7003,0.5239,-0.1601,0.185945
PMI20343+1151,20:34:22.72,308.5946666666667,+11:51:59.5,11.866527777777778,-0.144,-0.203,12.49,1.87,PMI20343+1152,20:34:22.56,308.594,+11:52:03.3,11.867583333333334,-0.144,-0.203,15.53,3.0,4.4,308.5939871119,11.86758067691,5.559E-4,4.073E-4,106.0,1755450376231334784,308.59333285952,0.021,11.86665691664,0.0165,6.5064,0.031,209.5994,252.89,-144.06,0.034,-207.846,0.026,351,-0.2681,339.45,0.0,0.0,31,,,17,0.989,false,18421.3,7.97605,15.024069,4860.43,34.4976,16.121857,21222.1,13.930923,1.416,2.190934,,,0,,,122243085936320952,,,,0.002795,0.008196,0.004469,15.024069,0.002795,18421.3,0.054,0.5461,0.4205,-0.1652,0.046402
NLTT49474,20:34:31.48,308.6311666666667,-22:19:24.3,-22.323416666666667,0.143,-0.108,11.12,1.24,NLTT49477,20:34:33.49,308.6395416666666,-22:17:59.7,-22.299916666666668,0.155,-0.119,18.19,3.4,89.1,308.63952071236,-22.29989709424,0.0015582,9.846E-4,61.96,6855772006428966016,308.64022488765,0.0818,-22.30038962275,0.0549,5.7291,0.0962,59.5745,183.764,146.59,0.09,-110.819,0.071,379,0.1475,395.98,0.112,0.2771,31,,,18,1.005,false,1984.54,1.75899,17.44322,369.815,8.40162,18.918581,2455.33,16.272621,1.424,2.64596,,,0,,,81243086399220128,,236384678,,0.002919,0.024824,0.005433,17.44322,0.002919,1984.54,-0.005,1.4511,1.1365,0.3669,0.099176
PMI20487+1406,20:48:42.08,312.17533333333336,+14:06:59.1,14.116416666666666,0.11,-0.051,14.89,1.72,PMI20487+1407,20:48:42.78,312.17825000000005,+14:07:01.3,14.117027777777778,0.11,-0.051,19.37,3.34,10.3,312.17821916787,14.11702205676,0.0026251,0.0017092,56.58,1761443539235731200,312.17863156717,0.1104,14.11680726911,0.0807,3.8749,0.1463,26.494,102.143,89.988,0.146,-48.327,0.124,850,-0.2696,871.41,0.0,2.765E-15,31,,,21,0.993,false,796.226,0.882377,18.434776,200.042,6.29371,19.58574,910.933,17.34918,1.395,2.236559,,,0,,,124943121785110789,,,521613269,0.003007,0.034273,0.008589,18.434776,0.003007,796.226,0.027,2.3847,2.0312,0.3768,0.109596
PMI21175-4142E,21:17:32.29,319.3845416666667,-41:42:17.3,-41.70480555555555,0.013,-0.157,13.89,1.74,PMI21175-4142W,21:17:31.42,319.3809166666666,-41:42:21.2,-41.705888888888886,0.013,-0.157,17.64,2.84,10.5,319.38089531991,-41.70589697503,0.0014935,8.885E-4,38.71,6580558576637233280,319.38092394672,0.0604,-41.70647054911,0.0553,2.1212,0.0798,26.5876,129.144,4.809,0.073,-129.054,0.08,379,1.1004,423.78,0.133,0.5446,31,,,20,1.04,false,2467.1,1.76392,17.206902,655.799,9.51023,18.296616,2771.3,16.141188,1.389,2.155428,,,0,,,,,488309328,,0.002863,0.01599,0.005415,17.206902,0.002863,2467.1,0.032,1.1632,1.2911,0.4683,0.064335
PMI21442+0102N,21:44:15.64,326.06516666666664,+01:02:09.1,1.0358611111111111,-0.061,-0.248,13.8,1.71,PMI21442+0102S,21:44:15.92,326.0663333333333,+01:02:03.3,1.0342500000000001,-0.061,-0.248,16.36,2.88,7.2,326.06638419451,1.0342521661,8.423E-4,5.411E-4,63.81,2693284484204322944,326.06608152722,0.0414,1.03312343503,0.0334,5.5833,0.0463,120.6655,262.934,-68.089,0.048,-253.964,0.036,526,-1.0598,505.07,0.0,0.0,31,,,15,0.967,false,8844.51,2.8237,15.820683,2389.59,10.9618,16.892735,9666.79,14.78469,1.363,2.108045,,,0,,,109243260661740655,1237656239009169609,16041551,456463012,0.002777,0.005709,0.0042,15.820683,0.002777,8844.51,0.013,0.7927,0.6115,0.3405,0.183236
PMI21536+0010S,21:53:39.95,328.41645833333337,+00:10:20.8,0.17244444444444446,-0.061,-0.158,14.35,2.12,PMI21536+0010N,21:53:39.98,328.4165833333333,+00:10:37.2,0.177,-0.061,-0.158,19.87,3.66,16.4,328.41658149319,0.17684046748,0.0045319,0.0029655,66.1,2681018091966250368,328.41633176801,0.1884,0.17609836022,0.1593,2.1358,0.2502,8.5346,176.174,-56.188,0.266,-166.974,0.202,188,0.956,210.41,0.199,0.184,31,,,12,1.049,false,730.854,1.60078,18.52779,179.548,11.7661,19.703089,806.231,17.481747,1.349,2.221342,,,0,,,108213284164072122,1237663479256646140,16092483,451530430,0.00364,0.071205,0.018342,18.52779,0.00364,730.854,-0.017,4.3141,3.2743,0.3079,0.574355
NLTT52532,21:57:35.98,329.3999166666667,-03:28:09.2,-3.469222222222222,0.169,-0.125,14.9,1.98,NLTT52538,21:57:37.93,329.4080416666667,-03:28:32.3,-3.4756388888888887,0.169,-0.125,18.86,3.22,37.3,329.40798630645,-3.47566731359,0.0033428,0.0019687,45.46,2670311082094344192,329.40873447186,0.1376,-3.47625589952,0.1401,4.6397,0.17,27.2972,213.943,168.028,0.17,-132.432,0.167,190,-1.1762,177.94,0.0,1.482E-15,95,1.3079,0.0367,14,0.938,false,1052.17,1.75693,18.13215,282.007,14.6688,19.212894,1171.71,17.07585,1.382,2.137045,,,0,,,103823294084329182,1237680191509102827,5509051,433450789,0.003298,0.056544,0.010422,18.120939,0.003288,1063.09,0.028,2.7539,2.7325,0.4849,0.223706
PMI22296+0620,22:29:41.07,337.42112499999996,+06:20:02.8,6.3341111111111115,0.116,-0.021,13.87,2.45,PMI22297+0620W,22:29:42.75,337.428125,+06:20:09.0,6.335833333333334,0.092,-0.026,18.8,3.5,25.9,337.42818713982,6.33585699854,0.0038756,0.0029687,65.93,2709359279777195008,337.42869445452,0.1749,6.33568332087,0.1567,4.7756,0.1872,25.5047,119.99,113.449,0.234,-39.078,0.193,185,-0.1701,189.28,0.0,0.0,31,,,13,0.989,false,842.785,1.82663,18.373075,118.965,6.57932,20.149992,1138.84,17.106737,1.492,3.043255,,,0,,,115603374284753375,1237669762260926529,,482561572,0.003623,0.060111,0.01271,18.373075,0.003623,842.785,0.005,3.74,3.1378,0.197,0.238101
PMI22487-5613W,22:48:44.33,342.18470833333333,-56:13:37.0,-56.22694444444444,0.145,-0.067,12.59,1.6,PMI22487-5613E,22:48:45.54,342.18975,-56:13:44.0,-56.22888888888889,0.145,-0.067,16.67,3.41,12.3,342.18971003316,-56.22886900813,5.194E-4,4.229E-4,145.41,6505766359742251648,342.19043778918,0.0212,-56.22907790344,0.0245,5.7834,0.0337,171.3998,102.441,91.022,0.028,-47.001,0.031,525,2.7006,634.68,0.119,2.106,31,,,25,1.084,false,8975.27,3.6014,15.804748,2128.76,9.82332,17.018227,10380.0,14.7074,1.394,2.310826,,,0,,,,,,,0.00279,0.005735,0.004047,15.804748,0.00279,8975.27,0.015,0.4563,0.4904,-0.19,0.107327
PMI23033-5311,23:03:23.47,345.84779166666664,-53:11:23.1,-53.18975,0.148,-0.107,14.01,1.76,PMI23034-5311,23:03:25.79,345.85745833333334,-53:11:43.2,-53.19533333333333,0.153,-0.098,18.94,3.63,29.0,345.8574051425,-53.19536838525,0.0026802,0.0022573,154.63,6500368376125488512,345.85857038602,0.1074,-53.19578570214,0.1301,2.1596,0.1918,11.262,182.994,157.069,0.148,-93.895,0.163,644,37.7762,3308.56,1.712,55.29,31,,,27,2.225,false,1480.26,6.30682,17.761518,451.507,6.18342,18.701881,1785.85,16.61828,1.511,2.083601,,,0,,,,,489545250,,0.005384,0.015129,0.006899,17.761518,0.005384,1480.26,0.165,2.3407,2.6077,-0.1325,0.170538
NLTT57827,23:44:27.89,356.1162083333333,-30:55:16.9,-30.92136111111111,0.19,-0.196,16.96,2.09,NLTT57823,23:44:24.90,356.10375,-30:55:26.2,-30.923944444444448,0.19,-0.201,18.17,2.77,39.5,356.1040202668,-30.92397918797,0.0016634,9.128E-4,24.92,2327271838004071168,356.10501434496,0.0631,-30.92487539753,0.0853,2.1533,0.0942,22.864,278.346,191.873,0.066,-201.646,0.095,401,0.5859,431.34,0.0,0.0,31,,,17,1.02,false,1691.17,1.54286,17.6169,542.38,7.63064,18.502783,1646.02,16.706808,1.294,1.795975,,,0,,,70893561049250545,,3057866,,0.002928,0.015528,0.007711,17.6169,0.002928,1691.17,-0.013,1.0847,1.5569,0.4375,0.843974
